Phone_No,Email_ID,Address,ID_Emp
+62 (623) 841-7132,jstirrup0@devhub.com,28 Hansons Circle,60-0072641
+66 (329) 980-1916,kmoresby1@cnbc.com,7 Ruskin Road,44-4165602
+420 (255) 943-9929,kcapelow2@fema.gov,96 Cherokee Plaza,84-9358758
+7 (972) 339-1321,mcouling3@weebly.com,352 Erie Avenue,18-6355086
+970 (977) 465-8558,byarr4@diigo.com,641 Briar Crest Terrace,84-1648594
+86 (496) 813-1910,codonohoe5@friendfeed.com,585 Oak Plaza,59-0617453
+62 (589) 204-2183,hwiddall6@boston.com,562 Weeping Birch Point,12-6766175
+86 (889) 455-2922,rwebb7@theglobeandmail.com,9 Parkside Trail,77-2438406
+63 (735) 341-6442,cpeever8@51.la,54963 Washington Street,57-0750334
+54 (824) 658-3163,gbirts9@fema.gov,,71-0694976
+30 (703) 984-7141,eministera@cbc.ca,6 School Center,96-4606061
+254 (716) 847-9765,gjirakb@nba.com,81779 Summit Center,08-9785025
+55 (152) 180-1736,npiotrc@over-blog.com,5 Bashford Plaza,57-9286794
+62 (724) 782-6798,rmabend@blogs.com,4575 Sundown Court,73-3959052
+86 (813) 312-1279,fhaige@fema.gov,80 Shoshone Center,29-4197248
+48 (514) 116-3818,nbrowerf@rediff.com,9 Evergreen Trail,74-2182640
+7 (304) 980-9509,jnelaneg@booking.com,7221 Dorton Place,46-7778802
+62 (484) 360-1059,msmedleyh@amazon.co.uk,6 Buhler Junction,79-5397271
+385 (937) 843-3760,ahusselli@is.gd,0258 Raven Pass,29-8278968
+63 (538) 359-6006,mpeelj@friendfeed.com,4 Shopko Hill,61-0839384
+221 (704) 174-6735,frowleyk@exblog.jp,5 Schiller Street,78-6088349
+212 (115) 665-9078,mtusonl@github.com,96921 Memorial Plaza,30-1350446
+355 (616) 121-9619,hglackinm@cafepress.com,2930 Bayside Junction,54-4248611
+880 (111) 225-6364,hcooten@geocities.jp,7365 Lakewood Gardens Trail,45-2784484
+86 (308) 906-3115,dclaxsono@posterous.com,7 Hansons Parkway,77-9466328
+62 (944) 251-3336,vstegglesp@photobucket.com,4331 La Follette Lane,97-3370904
+63 (798) 439-2729,fmuggletonq@answers.com,5 Crowley Park,53-7192989
+967 (559) 296-2129,cthorneleyr@merriam-webster.com,02428 Manley Way,06-5285518
+66 (513) 413-2216,,2375 Waxwing Plaza,43-0732864
+970 (797) 369-7574,rrendellt@arizona.edu,9291 Esker Center,09-2099123
+86 (326) 157-7453,askydallu@pinterest.com,2477 Declaration Street,21-9329615
+385 (770) 667-4143,wyakunikovv@techcrunch.com,3 Quincy Alley,65-9140698
+86 (203) 178-2135,mlindwasserw@cloudflare.com,918 Becker Way,26-3623073
+1 (514) 720-9856,vjowittx@symantec.com,9 Independence Alley,98-3711077
+351 (702) 641-1134,wvasilyevy@msn.com,2 West Way,36-2680229
+1 (808) 226-8904,ocronz@ovh.net,,91-6919554
+86 (943) 681-4904,ewalesby10@cpanel.net,53957 Meadow Vale Lane,15-2743010
+351 (954) 553-0885,zcolpus11@hao123.com,64638 Spaight Drive,41-8288667
+82 (503) 648-8657,dhebburn12@blogtalkradio.com,,60-0624784
+55 (153) 884-7727,bdicty13@merriam-webster.com,336 Roxbury Hill,85-5248387
+48 (319) 145-3752,rscollan14@google.fr,4 Kinsman Place,04-4182764
+234 (959) 754-4945,ltanswill15@cdc.gov,29649 Toban Drive,49-4157383
+1 (412) 324-4255,,267 Dapin Circle,33-6712491
+33 (806) 718-5424,kbonar17@alexa.com,26782 Canary Avenue,19-6336953
+381 (213) 380-2083,mbavage18@reverbnation.com,982 Maryland Court,10-9746142
+82 (665) 831-7011,zswafield19@google.com.au,8999 Dahle Avenue,23-9033050
+86 (986) 481-6693,glofthouse1a@about.me,5 Erie Parkway,62-7447665
+7 (739) 204-4999,iportugal1b@newyorker.com,25053 High Crossing Terrace,83-0057557
+51 (761) 751-1311,rstedson1c@123-reg.co.uk,13 Ludington Court,60-1670702
+86 (452) 339-6440,apeiro1d@wikipedia.org,81 Erie Alley,73-4685275
+86 (560) 660-0990,fkellough1e@ucla.edu,15 Northridge Pass,88-9565952
+55 (174) 201-1094,zcelloni1f@independent.co.uk,1767 Becker Drive,10-5387783
+970 (329) 440-7835,llarroway1g@accuweather.com,4705 Sherman Plaza,43-1373735
+1 (269) 682-9620,mmorten1h@ox.ac.uk,1 Coleman Parkway,47-2919828
+62 (950) 147-7170,wcejka1i@go.com,212 Charing Cross Avenue,95-4689588
+51 (184) 342-2178,tcourtman1j@cloudflare.com,066 Stone Corner Center,11-4682792
+63 (968) 321-1062,lmccoughan1k@simplemachines.org,16188 Sheridan Park,69-6603143
+62 (209) 472-6989,rdarnell1l@joomla.org,770 Spohn Court,03-0544646
+387 (245) 343-0466,djohananoff1m@liveinternet.ru,107 Kenwood Trail,05-2327409
+48 (733) 708-5949,pbolus1n@google.com.br,49 Sherman Road,52-3391334
+52 (262) 903-6502,echattington1o@parallels.com,13314 Parkside Street,47-3961650
+261 (673) 530-4014,cmattiazzo1p@ca.gov,99 Fordem Crossing,65-4721034
+51 (388) 985-7151,,83877 Clove Road,89-3472828
+1 (704) 316-5075,rgethouse1r@tiny.cc,59 Crownhardt Plaza,83-3912793
+62 (731) 167-5504,fquilty1s@github.com,04 Spaight Trail,70-9999655
+60 (196) 481-2275,cbosenworth1t@examiner.com,78 Ruskin Lane,80-4478106
+62 (758) 631-9842,dguillerman1u@nps.gov,95312 Calypso Place,21-9287684
+82 (374) 994-4454,ialwin1v@shop-pro.jp,9955 Eastlawn Road,25-4588942
+55 (704) 442-8787,bfetter1w@zimbio.com,0 Lighthouse Bay Parkway,55-4157008
+371 (695) 717-5415,dmatus1x@deliciousdays.com,01354 Norway Maple Court,28-1702420
+502 (524) 355-3883,ldemetz1y@comcast.net,4216 Sherman Place,64-5519077
+33 (309) 424-4844,dhartop1z@macromedia.com,4407 Summit Avenue,46-2944888
+53 (855) 315-1611,ecredland20@chicagotribune.com,206 Cody Terrace,64-8437514
+383 (418) 856-6954,wskellon21@google.nl,87347 Chinook Trail,27-8043311
+62 (977) 887-2392,dcattroll22@bizjournals.com,994 Randy Junction,56-8924839
+86 (263) 400-0921,llicciardi23@mozilla.com,5 La Follette Trail,46-0865800
+52 (908) 847-6416,iwooffitt24@webs.com,4 Bartillon Park,64-2060927
+33 (156) 459-7868,bmancktelow25@google.co.jp,982 Pearson Alley,21-7445378
+351 (993) 707-6517,tpods26@wisc.edu,1 Comanche Point,35-6535507
+86 (176) 128-9451,bczajkowska27@youku.com,00064 Clyde Gallagher Drive,22-3797420
+51 (140) 370-1364,pheighway28@blogtalkradio.com,04311 Evergreen Center,29-3150135
+57 (170) 803-8651,gsouthgate29@hp.com,85222 Schlimgen Avenue,63-4940207
+63 (294) 422-4792,dfishpond2a@typepad.com,7 Roth Terrace,48-3288104
+63 (522) 402-2512,sgirtin2b@technorati.com,83 Emmet Circle,53-7480027
+54 (582) 727-2164,cnoulton2c@rakuten.co.jp,,12-2326373
+7 (175) 150-2627,cbiddiss2d@google.es,9308 Karstens Street,68-8080133
+30 (397) 612-3427,tlindman2e@amazonaws.com,20786 Sloan Center,65-1941246
+507 (980) 631-5778,jcolson2f@t.co,75 Barnett Circle,98-4134438
+86 (126) 552-3264,xsydes2g@ucoz.ru,,74-0844980
+86 (676) 976-5895,pcooling2h@usa.gov,332 Amoth Crossing,03-8140671
+31 (766) 638-6284,viston2i@squarespace.com,1 Mifflin Place,35-6140745
+86 (604) 603-7360,cpipet2j@disqus.com,891 Fieldstone Court,36-4898344
+7 (132) 958-1901,wgerault2k@ameblo.jp,2 Amoth Court,55-8317389
+66 (492) 993-2285,hbilling2l@blogs.com,50120 Blue Bill Park Place,33-4750058
+48 (268) 741-3184,agarett2m@comcast.net,886 Grayhawk Circle,66-9226110
+251 (480) 334-8964,tkneafsey2n@soup.io,146 Vidon Court,04-8859652
+675 (841) 404-9337,lkillford2o@prweb.com,0 Scott Circle,77-8912386
+86 (809) 530-1084,cgantzer2p@ft.com,09529 Marcy Alley,57-9269464
+33 (565) 599-8038,kvanderbeken2q@nsw.gov.au,3373 Laurel Parkway,66-8436321
+81 (653) 939-5232,,42 Fisk Park,20-8619088
+994 (220) 118-4834,schalice2s@mediafire.com,2 Jay Crossing,15-8690762
+66 (591) 425-0562,drennenbach2t@msn.com,5953 Nancy Place,43-6123682
+48 (394) 251-3365,omochar2u@hhs.gov,3621 Hoffman Crossing,46-2417741
+33 (605) 963-1968,ckiehnlt2v@xing.com,5793 Farragut Pass,31-0709019
+53 (842) 853-9317,matwell2w@zimbio.com,4795 Pearson Circle,31-5142691
+1 (404) 309-8518,klabba2x@wufoo.com,3185 Sycamore Hill,91-9942446
+385 (573) 460-6678,bsamways2y@yelp.com,519 Vidon Point,28-8240973
+222 (364) 859-3873,jmccullagh2z@reverbnation.com,57510 Coleman Park,89-6443431
+20 (884) 549-5461,vdoog30@diigo.com,10 Thompson Crossing,04-0972898
+7 (689) 718-3915,lstubbings31@va.gov,7539 Marquette Crossing,46-8186671
+86 (837) 139-4101,nancliff32@aboutads.info,8117 Lyons Avenue,23-0186992
+62 (127) 785-3617,amenco33@tinypic.com,481 Bellgrove Lane,32-8310974
+62 (561) 186-8876,sconor34@washington.edu,61345 East Terrace,63-8371401
+992 (648) 176-4417,gbuddock35@google.com.au,081 Butterfield Circle,91-0259327
+976 (533) 132-4379,rspada36@walmart.com,43558 Glendale Road,57-1848560
+420 (272) 286-0781,emila37@wikipedia.org,92 Homewood Terrace,99-4897035
+55 (824) 244-2759,cpettingall38@cdbaby.com,06290 Grasskamp Center,49-6949661
+63 (377) 503-8756,cdadge39@skype.com,48 Toban Lane,08-4392602
+1 (116) 897-3677,emegarry3a@so-net.ne.jp,10598 Charing Cross Plaza,56-5233205
+81 (834) 458-2998,koverill3b@tripod.com,5 Linden Lane,95-3815056
+63 (355) 457-5851,gdaoust3c@bloglines.com,215 Hauk Place,60-5498467
+1 (875) 596-1846,tcrockett3d@gnu.org,901 Rigney Crossing,75-2224109
+46 (969) 714-0726,skunisch3e@nba.com,74081 Lighthouse Bay Avenue,70-7774423
+86 (497) 488-6960,rchaperling3f@t-online.de,5487 Orin Parkway,46-3871743
+86 (114) 649-3949,mpaling3g@issuu.com,185 Melrose Hill,44-2140216
+52 (481) 578-5437,sshuker3h@un.org,4 Macpherson Alley,93-1159834
+220 (877) 907-3335,kvowels3i@nbcnews.com,589 Pearson Avenue,51-2726976
+62 (208) 386-4989,ncalladine3j@marketwatch.com,5 Paget Hill,63-2590475
+372 (707) 665-3149,iodoran3k@mapquest.com,02 Muir Lane,55-9499458
+261 (411) 149-6921,rpauls3l@webs.com,8101 Merry Terrace,75-3289019
+47 (569) 397-4390,gduplantier3m@theguardian.com,8057 Elka Junction,19-6873473
+62 (627) 190-4161,gbeetlestone3n@zimbio.com,6 Amoth Alley,40-0293446
+86 (391) 600-2095,,5072 Dennis Lane,36-0073613
+1 (885) 843-3169,tends3p@intel.com,12 Mcguire Street,53-9521614
+86 (960) 332-8498,ttampion3q@weibo.com,7786 Red Cloud Junction,12-2297933
+58 (212) 131-3901,rmcdyer3r@whitehouse.gov,12 Myrtle Hill,34-3315582
+220 (958) 851-8674,mjealous3s@phpbb.com,,59-2976077
+255 (477) 823-4965,dperren3t@vk.com,70687 Eggendart Park,94-2828396
+30 (649) 212-3747,tstallion3u@kickstarter.com,413 Eagle Crest Lane,02-1102050
+351 (992) 502-2941,btatham3v@google.co.jp,69 Dakota Parkway,56-1505536
+1 (301) 360-7745,tpuckring3w@yelp.com,4 Fordem Crossing,87-6672005
+30 (565) 866-0910,lsellars3x@europa.eu,450 Grayhawk Parkway,99-9945681
+86 (257) 637-6720,fsummerell3y@addthis.com,3 Cascade Terrace,41-2209044
+62 (512) 972-7530,mhall3z@t.co,14 Charing Cross Avenue,05-3650385
+62 (948) 512-9245,aboyse40@usatoday.com,404 Alpine Way,66-9090100
+48 (501) 930-5514,kjorge41@fotki.com,78 Gateway Court,82-3006284
+33 (935) 409-0667,fsummers42@webnode.com,67 High Crossing Street,53-8323129
+86 (246) 597-3001,soda43@nsw.gov.au,25 Bartelt Drive,85-9472655
+967 (101) 852-2059,homulderrig44@ow.ly,7 Gale Park,49-0225594
+255 (837) 439-9234,mruske45@wikipedia.org,2954 Hanson Drive,87-6415779
+46 (708) 932-2655,mcrisp46@comsenz.com,9180 Glendale Plaza,51-4175135
+62 (672) 768-9085,jvern47@jugem.jp,5169 Dexter Park,95-6729273
+1 (248) 513-4647,lboas48@gizmodo.com,12675 Gateway Street,83-4387916
+420 (139) 343-0116,aleakner49@icio.us,603 Badeau Road,84-2251087
+970 (550) 725-1816,achicotti4a@go.com,425 West Street,74-1559220
+1 (501) 993-6812,grobertsson4b@yale.edu,8 Lakeland Avenue,93-8748464
+420 (101) 335-4658,tneve4c@feedburner.com,,12-1482102
+60 (782) 180-0595,pattride4d@ycombinator.com,89 New Castle Drive,22-7125544
+998 (232) 437-9643,bconnerly4e@pen.io,822 Mesta Pass,97-3785829
+7 (845) 450-2173,lcastelin4f@biblegateway.com,813 Florence Crossing,83-7412141
+269 (165) 286-6977,vdonohoe4g@sphinn.com,796 Stoughton Alley,06-0126426
+507 (253) 559-2860,mpoveleye4h@netvibes.com,6 Menomonie Way,69-9387959
+48 (784) 760-6553,skither4i@odnoklassniki.ru,7 Cottonwood Avenue,64-9343271
+33 (803) 600-9438,ksapauton4j@msu.edu,3479 Karstens Point,40-6110293
+86 (782) 198-9823,cmilazzo4k@vkontakte.ru,43676 Karstens Crossing,24-4522572
+58 (745) 100-7575,tentwistle4l@canalblog.com,6179 Eliot Terrace,88-9784508
+86 (704) 722-4060,mstirtle4m@reddit.com,33127 Hovde Hill,20-6121599
+378 (485) 592-4385,lreadett4n@ezinearticles.com,30266 Granby Circle,91-0119759
+86 (869) 872-6269,mrayner4o@symantec.com,8 Evergreen Road,47-4183025
+7 (340) 645-8079,mmcpaik4p@upenn.edu,46 Lindbergh Trail,92-8293273
+86 (297) 774-0758,fesparza4q@tripod.com,503 Sherman Crossing,42-2356508
+55 (306) 936-5178,ggowans4r@parallels.com,342 Anthes Way,61-8188939
+420 (463) 932-3737,fandrysek4s@addthis.com,2 South Crossing,57-3496085
+41 (795) 341-6649,ledis4t@wisc.edu,773 Welch Point,67-5577640
+92 (342) 111-4083,smunford4u@themeforest.net,41232 Reinke Park,07-6058090
+51 (977) 496-2561,fclawson4v@pagesperso-orange.fr,388 Lakewood Trail,35-2110798
+94 (258) 449-8296,cmcenery4w@nsw.gov.au,3 Anderson Point,71-7573723
+46 (865) 777-9701,kkleinhaus4x@vimeo.com,2842 Barby Circle,46-6337120
+86 (430) 337-2337,ofigin4y@baidu.com,7 Heffernan Hill,05-9512595
+53 (611) 291-2639,gdellenty4z@godaddy.com,9 Ridge Oak Place,58-9894185
+976 (858) 573-2508,,63715 Talisman Park,68-6363381
+351 (417) 337-6540,mlathaye51@artisteer.com,427 3rd Circle,20-7405506
+86 (619) 912-4287,mtheodore52@wired.com,9 Eliot Junction,14-7809214
+86 (164) 134-8732,adoerling53@jalbum.net,657 Starling Lane,90-0495025
+420 (528) 227-6362,nmalinson54@wufoo.com,,03-6875503
+86 (447) 279-6202,ofox55@php.net,564 Duke Crossing,46-0895486
+81 (943) 539-2740,ematejka56@friendfeed.com,2531 Morrow Drive,51-7734648
+55 (150) 614-1333,mmeake57@wikia.com,98 Hallows Road,84-3075243
+963 (573) 762-7947,clabrom58@springer.com,20 Dennis Alley,72-4606121
+63 (776) 434-9454,lapplebee59@goo.gl,359 Luster Alley,14-7872895
+63 (647) 209-5712,bfoskew5a@weibo.com,01 Acker Hill,25-3495869
+7 (953) 623-2716,epiggrem5b@state.gov,97143 8th Street,59-6358310
+86 (986) 659-7471,gmcginlay5c@lycos.com,68185 Oak Terrace,15-7941967
+33 (359) 504-8803,llewknor5d@gravatar.com,1 Oneill Point,99-9396819
+374 (796) 756-3297,acrocket5e@odnoklassniki.ru,83079 Katie Plaza,30-9379257
+81 (350) 929-2486,grafferty5f@pen.io,5 Lakeland Way,43-0927724
+380 (931) 537-3162,cdallicott5g@theatlantic.com,09132 Haas Parkway,31-3513143
+7 (444) 120-7677,tmccole5h@umich.edu,187 Nelson Center,96-8075243
+380 (345) 984-8669,gbloyes5i@nps.gov,9940 Melody Alley,11-2335245
+46 (501) 316-3329,mbodle5j@sfgate.com,721 Corry Place,01-0787846
+20 (745) 752-1083,asheal5k@cdc.gov,83 Transport Drive,22-1905728
+1 (301) 879-0040,sgresser5l@cdbaby.com,586 Kinsman Place,28-5967997
+55 (751) 255-3107,,9 Northfield Way,04-9709088
+86 (103) 850-4821,nbragginton5n@taobao.com,04432 Golf Point,12-5015790
+57 (969) 375-4018,bcolegate5o@dailymail.co.uk,48975 Anzinger Road,14-2087303
+63 (450) 141-6813,mgotling5p@mtv.com,1 Shopko Hill,37-7968011
+994 (494) 686-1860,sralphs5q@skype.com,01471 Mallory Center,46-1682144
+48 (402) 151-8820,ebuddles5r@ucla.edu,5271 Kensington Parkway,11-3970123
+263 (434) 681-9486,jmcgerr5s@posterous.com,004 Ridge Oak Street,04-3940040
+62 (728) 896-2159,jalderton5t@wikimedia.org,80563 Katie Plaza,30-8796579
+55 (415) 262-1509,pcleyburn5u@pagesperso-orange.fr,215 Summer Ridge Trail,85-5727946
+506 (800) 822-6422,sfausset5v@mapquest.com,639 Rockefeller Court,89-2706055
+81 (555) 993-5672,mspadoni5w@sina.com.cn,37 Laurel Place,88-6239645
+54 (628) 979-7585,dmcgrirl5x@cnn.com,6 Sherman Drive,98-4363866
+420 (535) 337-3262,rmugglestone5y@csmonitor.com,25 Jenna Parkway,81-3308255
+27 (529) 316-8430,kcoat5z@rediff.com,9 Bartillon Alley,88-7209169
+689 (476) 133-6293,oangel60@webmd.com,029 Bunker Hill Park,21-1306698
+66 (964) 900-6802,blong61@qq.com,28840 Monica Court,44-6579352
+86 (763) 224-7242,wspinello62@google.fr,101 Rutledge Park,06-8235058
+93 (124) 314-2649,relliman63@icq.com,819 Glendale Center,81-5610709
+57 (928) 164-7452,gtilling64@purevolume.com,051 Southridge Drive,81-2386986
+60 (704) 810-8381,mannwyl65@google.ca,7 Sycamore Avenue,08-4582174
+62 (295) 642-1230,flaity66@canalblog.com,36838 Anderson Park,26-0229798
+86 (988) 250-2245,jkerrigan67@photobucket.com,2025 Hovde Way,08-4115010
+967 (728) 789-4386,,950 Corry Hill,63-5455243
+20 (825) 813-8776,kwackley69@spiegel.de,55 Spenser Junction,09-7776954
+86 (303) 977-2260,fbraunstein6a@networkadvertising.org,644 Monument Crossing,20-4668183
+86 (987) 278-2357,jduffet6b@adobe.com,0 Marcy Center,68-3525954
+372 (146) 457-0884,lspear6c@china.com.cn,8575 Miller Point,54-9483157
+268 (139) 650-2116,sdelisle6d@google.co.jp,3 Sage Crossing,93-2675830
+55 (246) 588-9250,scolbridge6e@yandex.ru,964 Eastwood Hill,61-0596955
+63 (649) 155-0839,kmanthorpe6f@ning.com,2 Homewood Road,40-9236764
+64 (727) 401-7257,lgorick6g@washington.edu,109 Prentice Drive,85-0828168
+46 (191) 965-6244,mbouchier6h@sciencedaily.com,08 Sachtjen Drive,64-9448194
+351 (281) 826-2272,,42 Sundown Junction,66-4334981
+33 (347) 523-6160,prazoux6j@prweb.com,96386 Darwin Plaza,06-4370596
+27 (430) 567-0148,avaneeden6k@mayoclinic.com,367 Shasta Road,93-2113545
+62 (869) 409-7519,obeauly6l@skyrock.com,072 Everett Street,79-7612485
+62 (873) 898-9125,jbarkas6m@joomla.org,,91-8304725
+86 (394) 474-4339,spaddy6n@seattletimes.com,9967 Warner Lane,66-2512015
+30 (835) 321-8124,kemanulsson6o@odnoklassniki.ru,2 Northport Junction,82-9219500
+62 (266) 317-4755,amccardle6p@sourceforge.net,4 Elgar Court,84-3760036
+86 (283) 880-4342,bdeverson6q@nba.com,5801 Briar Crest Hill,77-3759343
+86 (128) 825-3820,rwynne6r@mediafire.com,014 Raven Plaza,63-6743319
+880 (665) 460-4392,toneil6s@free.fr,22222 Bluestem Alley,29-1333016
+7 (144) 237-5293,jspieck6t@twitpic.com,389 Merry Court,22-1911057
+86 (561) 252-0642,egoare6u@earthlink.net,97 Di Loreto Way,77-9452575
+389 (140) 390-3735,sfontin6v@devhub.com,24482 Prairieview Alley,63-1709423
+39 (423) 880-6963,bjiracek6w@clickbank.net,8400 8th Avenue,41-0162900
+976 (529) 466-1959,jdorey6x@nytimes.com,85 Sundown Road,72-8164997
+93 (847) 486-8518,wyushachkov6y@phpbb.com,53 Bartelt Junction,05-9441902
+33 (869) 661-1707,fstandingford6z@answers.com,08394 Butternut Crossing,10-7050633
+48 (185) 772-5578,ceblein70@archive.org,413 Melody Parkway,50-7520952
+54 (583) 871-1910,jhallford71@engadget.com,453 Vahlen Court,18-4170118
+1 (312) 651-9663,mstuck72@japanpost.jp,384 Iowa Crossing,37-2076993
+86 (682) 837-5844,bhuffy73@wp.com,556 Redwing Road,69-1664474
+967 (382) 418-1785,vlegrice74@dot.gov,28 Waywood Center,82-5774053
+54 (453) 242-1668,cwisbey75@elegantthemes.com,20 Fulton Plaza,04-1032423
+86 (978) 525-0530,fzambon76@ucoz.ru,21 Sunfield Pass,79-6145904
+48 (239) 557-8046,dbrownlie77@woothemes.com,87152 Londonderry Avenue,25-0573343
+389 (472) 265-1440,jstobo78@fotki.com,9177 Anthes Center,46-8355705
+374 (944) 597-8785,rwapples79@dot.gov,3 Colorado Place,73-7743530
+63 (375) 335-5835,rburgoine7a@wordpress.org,0885 3rd Street,84-9742706
+33 (636) 491-9165,lrichin7b@vkontakte.ru,721 Kennedy Center,13-7226912
+48 (310) 516-3054,hbauduin7c@imgur.com,88288 Fisk Lane,67-0647672
+66 (293) 596-5356,glinebarger7d@moonfruit.com,18 Killdeer Pass,39-2696977
+46 (622) 101-5776,mbosworth7e@berkeley.edu,4 Lawn Avenue,49-4769403
+254 (639) 570-2087,mlarimer7f@uol.com.br,2 Miller Drive,42-5851152
+420 (765) 111-3826,kelger7g@examiner.com,98063 Garrison Road,33-7529107
+351 (727) 725-0985,bkabisch7h@squarespace.com,4 Arizona Alley,86-1668122
+27 (763) 521-5065,flilliman7i@youtube.com,7238 Del Mar Junction,81-2363964
+7 (506) 452-6243,kskelton7j@hao123.com,05235 Roxbury Drive,44-6708232
+1 (480) 197-2332,nloffhead7k@statcounter.com,9 Kingsford Pass,35-7399777
+60 (599) 372-1492,iianniello7l@zdnet.com,4029 Southridge Pass,22-5973136
+352 (508) 174-7887,igabbotts7m@nifty.com,78 Arkansas Pass,79-1240919
+1 (561) 224-3296,oneilly7n@weebly.com,,22-6751467
+355 (261) 220-6583,alindner7o@canalblog.com,33156 American Ash Lane,42-2679778
+48 (650) 426-8351,esemon7p@who.int,4430 Scoville Junction,98-3948945
+57 (654) 527-0673,jnowakowska7q@squidoo.com,,02-0627826
+967 (275) 135-6029,dyellowlee7r@tuttocitta.it,792 Warner Road,89-2107547
+970 (905) 142-1190,astonhouse7s@paypal.com,462 Loftsgordon Hill,29-8232062
+86 (456) 850-4990,rstannus7t@ucoz.com,8612 Starling Point,85-5779114
+63 (744) 212-9929,dodee7u@shop-pro.jp,44658 Twin Pines Way,12-0826553
+1 (168) 599-9494,csturgeon7v@t.co,32481 Bonner Park,43-3010946
+54 (948) 577-0884,wgherardi7w@scientificamerican.com,95943 Hanson Alley,70-4480925
+995 (672) 313-0776,wbertie7x@fema.gov,3 Sommers Trail,74-7284225
+227 (589) 826-5083,gyurenev7y@mozilla.com,89635 Thierer Avenue,94-5760396
+86 (826) 748-3567,fenbury7z@mlb.com,1 Mockingbird Trail,20-5614780
+504 (621) 558-4225,,894 Hoffman Terrace,90-8643321
+372 (241) 467-8858,vmcilory81@engadget.com,00 Morrow Point,34-8272039
+62 (192) 335-8282,emcphelimy82@dmoz.org,1279 Sauthoff Parkway,06-5221763
+62 (743) 624-0915,bbrimm83@bandcamp.com,413 Knutson Pass,27-8494960
+86 (972) 728-3589,jharrild84@liveinternet.ru,65266 Lighthouse Bay Alley,25-6200527
+502 (856) 822-8398,wclewlow85@webnode.com,82484 Oriole Point,16-0184530
+7 (215) 804-5041,acovotto86@edublogs.org,84391 Gulseth Trail,49-6243533
+7 (608) 524-2148,hjizhaki87@senate.gov,11 Oakridge Court,68-9146439
+62 (434) 577-9917,cmorson88@photobucket.com,780 Meadow Vale Street,66-8320898
+33 (255) 786-4991,pmaccoughen89@surveymonkey.com,0383 Amoth Circle,51-6243184
+216 (954) 393-6486,fplover8a@google.it,0 Pennsylvania Street,24-2758829
+250 (219) 642-5816,gasgodby8b@blogs.com,2 Anhalt Street,07-5876488
+48 (417) 156-9467,rmaddigan8c@youtu.be,29919 Surrey Lane,75-7433039
+62 (243) 601-6961,amckeand8d@cyberchimps.com,954 Farmco Lane,33-4340847
+62 (677) 457-1422,kjohnigan8e@reference.com,68 Sachs Drive,44-3565974
+47 (302) 597-4194,btantrum8f@java.com,1 Helena Court,79-0793818
+7 (578) 153-1562,ddemchen8g@disqus.com,1567 International Crossing,82-7077953
+380 (129) 288-4118,fmcmenamin8h@yelp.com,7 Buena Vista Terrace,81-4329541
+64 (770) 800-5648,sgrigorini8i@seesaa.net,,48-6533866
+386 (629) 210-6382,dseeds8j@ovh.net,7784 Chinook Pass,01-2755259
+970 (567) 610-7033,jscurlock8k@github.io,09 Hanover Parkway,77-7443400
+81 (746) 206-2111,gscotland8l@msn.com,07925 Boyd Crossing,66-9678395
+995 (385) 205-3743,dbraganza8m@home.pl,845 Schlimgen Drive,48-7411563
+48 (748) 181-8703,dpaulsson8n@eventbrite.com,1 Lakeland Junction,72-7769270
+267 (729) 538-5292,wdiviney8o@wikipedia.org,66 Cascade Trail,65-7995478
+351 (617) 545-6972,rthoresbie8p@dmoz.org,5 Kim Crossing,50-0134608
+371 (224) 862-2409,dhawtrey8q@ask.com,638 Waxwing Street,45-4486385
+62 (124) 783-4163,jwemyss8r@wiley.com,35 Eastwood Street,25-9315311
+967 (296) 498-1334,jandrzej8s@mayoclinic.com,48058 Ludington Lane,49-7667008
+251 (988) 970-8526,sstegel8t@istockphoto.com,11025 Dryden Trail,44-0926511
+504 (469) 528-1039,hellis8u@fema.gov,78919 Emmet Hill,06-6610248
+62 (531) 444-9893,ifaraday8v@cnn.com,6642 Jay Plaza,46-7827188
+355 (941) 330-0104,abartolijn8w@ca.gov,00975 Fremont Park,88-3272204
+81 (342) 582-9637,lzmitruk8x@elegantthemes.com,254 Oak Valley Trail,73-0980233
+62 (891) 573-9775,trobertucci8y@wired.com,,83-0699169
+62 (503) 899-1770,paleshkov8z@aboutads.info,62 Ridgeway Parkway,34-1438644
+86 (955) 506-0550,sdoyley90@ow.ly,4916 Thackeray Point,43-8364450
+93 (914) 611-7746,arumbellow91@feedburner.com,14657 Warner Trail,27-7865804
+86 (648) 278-8187,blovekin92@cdbaby.com,8 Calypso Road,39-0223572
+46 (102) 950-8511,cratt93@buzzfeed.com,71 Anzinger Court,01-0732864
+7 (686) 731-3417,ekeene94@domainmarket.com,3052 Cody Road,32-8270018
+92 (729) 396-8002,wsnowden95@yahoo.co.jp,,16-4715550
+62 (669) 674-1103,eoliddy96@foxnews.com,496 Haas Crossing,96-6731600
+86 (631) 184-5296,gmitcheson97@statcounter.com,5 Lakewood Pass,10-1439407
+386 (149) 323-9466,ppeer98@w3.org,2 Continental Plaza,52-8090962
+86 (622) 722-8229,fweekley99@phpbb.com,1 Forest Dale Point,43-6252724
+48 (214) 471-2168,kreynolds9a@epa.gov,6928 Stone Corner Pass,47-8696904
+380 (653) 431-2388,reveril9b@geocities.jp,0 Knutson Drive,59-7886176
+86 (423) 623-4575,egutteridge9c@unesco.org,7214 Graceland Center,75-4940037
+506 (953) 425-5019,nskene9d@over-blog.com,9 Clarendon Avenue,11-9395048
+55 (396) 994-2882,dblazewicz9e@google.co.jp,5 Marquette Avenue,01-5915330
+420 (690) 792-6898,rattenbrough9f@smugmug.com,6 Colorado Trail,92-3776369
+33 (834) 561-7553,ehadgraft9g@tiny.cc,08779 Mosinee Crossing,60-4123760
+1 (205) 976-8972,cepgrave9h@answers.com,7341 Morning Crossing,74-4283539
+1 (919) 371-0983,bbonafacino9i@ezinearticles.com,7 Ilene Alley,62-4069798
+7 (381) 424-6360,pdovinson9j@t-online.de,0420 Towne Alley,24-5335482
+62 (431) 244-4606,cstrike9k@meetup.com,7 Jana Court,80-1789914
+228 (964) 359-5032,fgammons9l@wunderground.com,0 Lawn Place,29-6834017
+93 (570) 495-4895,acoope9m@sbwire.com,388 Cambridge Drive,75-0412183
+20 (846) 108-6852,crevey9n@list-manage.com,9 Pankratz Lane,42-7501422
+53 (238) 417-8924,gplitz9o@sina.com.cn,81 Golden Leaf Court,20-1051578
+63 (833) 530-4202,madamowicz9p@xinhuanet.com,32511 Main Hill,78-1500608
+593 (819) 710-7547,kivanichev9q@google.com.hk,3767 Esch Junction,00-6351482
+976 (222) 960-1082,cpacey9r@spotify.com,2144 Oak Terrace,22-9466062
+86 (327) 252-6905,bcastells9s@nhs.uk,8 Farmco Center,47-5649506
+46 (612) 903-1211,amceachern9t@aboutads.info,1 Bellgrove Way,37-9776808
+48 (664) 926-3978,ksmyth9u@loc.gov,212 Veith Place,35-6120229
+62 (509) 573-3598,pdrewclifton9v@fema.gov,7 Ridgeview Lane,00-8336338
+46 (105) 937-7377,jbeggin9w@dedecms.com,60 Brown Crossing,63-8782059
+967 (517) 629-5399,adoutch9x@chronoengine.com,70 Continental Terrace,09-8537960
+1 (219) 754-3609,hpond9y@sciencedirect.com,0425 Village Way,93-9392027
+86 (902) 600-3580,pbywater9z@wp.com,9 Dorton Avenue,38-6427795
+225 (242) 335-0122,hyouniea0@gov.uk,4 Beilfuss Avenue,48-2951446
+62 (983) 199-9879,eodulchontaa1@oracle.com,,37-8014382
+52 (975) 202-3988,abloya2@amazon.co.jp,7961 Reindahl Center,16-5287196
+51 (356) 825-9077,lreddlea3@mayoclinic.com,76 Derek Place,30-1631310
+86 (915) 385-4989,rmourtona4@reuters.com,764 Tomscot Trail,65-7449617
+48 (699) 997-9352,bovensa5@wikia.com,,18-0400226
+1 (218) 854-2628,eparisha6@uol.com.br,746 Carioca Circle,93-1345101
+351 (400) 429-8753,nchambersa7@sogou.com,100 Lien Road,71-5662879
+66 (153) 816-7733,baysika8@psu.edu,3870 Mandrake Plaza,29-4747592
+55 (585) 261-2210,aconquesta9@qq.com,2 Norway Maple Drive,05-8716907
+62 (348) 285-4488,tgrimoldbyaa@sogou.com,19 Clemons Road,86-7560476
+46 (835) 709-1105,rolennaneab@dailymail.co.uk,,20-9057186
+62 (398) 549-4211,jharrissonac@shareasale.com,7 Hanson Avenue,42-8907791
+30 (362) 704-4565,alettsomad@taobao.com,1984 Arkansas Crossing,26-8924252
+62 (408) 789-8210,gheimannae@wordpress.org,94 Melvin Terrace,79-5304139
+261 (838) 133-3291,,790 Hermina Terrace,29-3183499
+62 (790) 858-2208,ccharringtonag@narod.ru,6 Village Terrace,42-4151214
+55 (993) 508-8798,iescoffreyah@tiny.cc,9 Sunnyside Terrace,88-2473727
+351 (449) 921-0848,bsharnockai@fema.gov,45868 Bonner Alley,60-9026709
+387 (808) 187-7457,ayannoniaj@pcworld.com,86935 Rieder Junction,35-1168742
+256 (233) 916-3100,dcermanak@indiegogo.com,299 Florence Terrace,07-7729550
+7 (271) 101-3106,tceschinial@github.com,03265 Spohn Trail,53-6324978
+63 (125) 735-5376,gsperskiam@eventbrite.com,990 Lukken Alley,35-4927927
+7 (138) 628-2276,npulleyan@baidu.com,79877 Butternut Avenue,50-0733366
+86 (550) 657-3157,darelesao@harvard.edu,64 Hayes Junction,75-0236705
+62 (290) 789-9671,ademorenoap@weather.com,68 Morningstar Lane,78-0986287
+33 (860) 407-0454,dshorteraq@a8.net,76573 Westport Center,94-3237465
+55 (662) 177-1662,lgipsonar@i2i.jp,217 Anderson Parkway,04-8629473
+7 (674) 632-5633,ashreveas@home.pl,6433 Bayside Crossing,24-2170919
+230 (767) 521-4398,cgantlettat@dmoz.org,215 Elgar Street,35-6412616
+86 (170) 825-2802,nbellwardau@house.gov,9661 Donald Lane,15-7402049
+51 (533) 775-7762,kcomoav@bloglines.com,339 Maryland Plaza,53-2080122
+55 (682) 328-1309,akroppaw@wsj.com,4 Mosinee Parkway,63-6192495
+380 (995) 886-6982,lbostickax@adobe.com,5798 Eggendart Drive,45-8155262
+52 (722) 356-2091,rhebarday@rediff.com,348 Ilene Terrace,51-2536776
+86 (712) 945-8747,mboundsaz@businesswire.com,93314 Dwight Pass,34-7521206
+62 (874) 232-0310,ytomaszczykb0@meetup.com,837 Elgar Drive,11-3106643
+216 (433) 118-9550,jcobbingb1@usnews.com,498 Lotheville Park,82-0850044
+504 (574) 144-0685,agillanb2@about.me,451 Texas Park,20-0832515
+593 (760) 920-4441,dprobyb3@barnesandnoble.com,2328 Welch Pass,02-8777448
+86 (960) 693-2678,rwestcotb4@plala.or.jp,81 Thompson Court,20-7729837
+55 (881) 108-8119,,69969 Lakewood Parkway,59-9362860
+998 (199) 890-8712,lmacginleyb6@slideshare.net,8321 Bay Court,07-9713869
+387 (959) 949-3944,dchoppenb7@mayoclinic.com,1 Petterle Drive,11-7570926
+48 (770) 648-8632,bvoulesb8@ehow.com,4 Birchwood Court,14-2650715
+351 (632) 671-0318,mlepiscopib9@gizmodo.com,4 Crescent Oaks Point,21-3052427
+62 (454) 604-9100,aferrynba@noaa.gov,0005 Kropf Lane,41-2606665
+63 (947) 915-6988,ydownhambb@economist.com,83710 Morning Terrace,04-0634481
+7 (444) 331-6638,tdytebc@is.gd,93766 Mendota Court,35-1974396
+86 (372) 816-5221,pwridebd@go.com,24 Delladonna Street,33-3858816
+39 (281) 800-2151,pjaouenbe@stumbleupon.com,07 Morningstar Place,27-2749097
+55 (678) 150-3205,ldacksbf@live.com,8 Comanche Circle,71-8337341
+230 (320) 406-7718,screasebg@blogger.com,3649 Jana Park,99-7679883
+92 (585) 229-8973,ldewanebh@soup.io,4 Declaration Circle,84-9112383
+7 (788) 249-8945,aharsentbi@bigcartel.com,55667 Mesta Circle,75-8290105
+598 (412) 286-1243,hzisnerosbj@bloomberg.com,28460 Surrey Terrace,56-9955509
+86 (246) 106-5367,gbugdenbk@hexun.com,753 Petterle Crossing,91-0987912
+7 (776) 673-4284,gmccallisterbl@ezinearticles.com,15450 Iowa Pass,51-4418235
+242 (411) 946-0206,bjirabm@cnn.com,522 Bunker Hill Center,16-0861951
+86 (524) 387-3927,akeddeybn@china.com.cn,7 Browning Junction,85-4232823
+86 (410) 761-9761,edeleekbo@facebook.com,7738 Sheridan Lane,45-9610411
+86 (272) 378-9641,mlarcombebp@sakura.ne.jp,54723 Annamark Alley,96-5895066
+46 (638) 226-1920,slaffertybq@weebly.com,1 Fordem Crossing,17-2881921
+351 (264) 120-3482,blauridsenbr@reverbnation.com,8 Sloan Way,05-5307594
+264 (941) 459-4007,grentollbs@illinois.edu,7615 Union Junction,42-6709243
+33 (401) 263-3051,bbretherickbt@arstechnica.com,52224 Dwight Drive,18-5515046
+1 (540) 817-3474,lbaggbu@clickbank.net,64 Grasskamp Park,03-0398732
+33 (412) 562-4646,maskwithbv@google.com,79 Portage Lane,63-7869416
+420 (435) 143-0476,mmohunbw@constantcontact.com,557 5th Trail,58-2361757
+46 (537) 291-1406,ssuttybx@weather.com,4 Kipling Junction,88-2776220
+33 (346) 181-1434,gheberdenby@networksolutions.com,41 Hansons Alley,35-8959362
+62 (185) 982-3988,mtreadwellbz@slate.com,652 Pine View Parkway,92-8536524
+44 (351) 342-9251,gschirokc0@quantcast.com,3 Jenifer Street,92-8283493
+47 (427) 341-9023,csouthcombc1@sbwire.com,36423 Glendale Alley,94-7025309
+57 (880) 430-6699,jmcgrowtherc2@desdev.cn,7362 3rd Center,87-1524310
+1 (132) 703-7798,kdeabillc3@ameblo.jp,3 Trailsway Street,07-0513764
+86 (561) 647-7462,leppsc4@time.com,9639 Pearson Center,70-9557679
+62 (329) 383-8371,ikinghornc5@who.int,8 Division Road,56-2538209
+46 (237) 701-0944,glequeuxc6@exblog.jp,63330 6th Parkway,59-1225380
+63 (281) 805-2563,tbedfordc7@facebook.com,322 Canary Court,77-8969935
+351 (456) 353-3264,vkasselc8@ox.ac.uk,18354 Aberg Circle,28-1074495
+86 (644) 905-3495,mmyringc9@google.co.jp,2544 New Castle Parkway,98-8312687
+86 (723) 833-5013,knuttenca@spotify.com,66493 Steensland Hill,83-0576737
+7 (192) 891-5788,rgrichukhanovcb@newyorker.com,0 Arizona Drive,64-2887913
+351 (120) 448-6327,tharfletecc@guardian.co.uk,58 Waxwing Hill,22-2019746
+502 (732) 394-5088,scoggillcd@zdnet.com,90 Russell Trail,41-5640927
+46 (768) 605-0024,sarnizce@cbslocal.com,64375 Dapin Terrace,14-0383891
+1 (617) 538-2542,pdowdacf@bbb.org,9426 Marquette Point,12-3608157
+55 (274) 254-6514,chousbiecg@unc.edu,4511 Tennyson Way,70-9194479
+63 (498) 389-3415,ageorgelinch@blogger.com,3 Vera Lane,09-7754145
+30 (969) 605-7180,rraynerci@feedburner.com,01 Rigney Plaza,36-4649035
+48 (789) 123-5722,bloucacj@admin.ch,72835 Independence Pass,26-6853242
+353 (966) 588-0719,ewessellck@un.org,50900 Moulton Pass,25-9160303
+992 (255) 207-8581,aendriccicl@mac.com,85 Shelley Lane,48-9002032
+86 (605) 979-7041,njerdeincm@answers.com,4 South Junction,37-6641205
+48 (700) 597-3334,tcastelotcn@123-reg.co.uk,46 Oneill Pass,00-9031903
+62 (593) 806-1958,ewadleyco@amazon.co.jp,91 Rigney Court,86-0407854
+86 (395) 248-8842,ciwanczykcp@unc.edu,3 Arrowood Terrace,33-9240782
+7 (185) 148-0070,sgrassickcq@marketwatch.com,67385 Lakewood Gardens Park,56-7679252
+63 (518) 143-2413,bjobeycr@unblog.fr,0283 Oakridge Parkway,61-2010295
+599 (841) 155-8297,atrippickcs@un.org,29608 Havey Street,47-3769937
+1 (314) 341-0443,fshoebothamct@nbcnews.com,85 Pankratz Terrace,92-0603852
+55 (132) 480-0944,tcarvilcu@google.it,87 Dwight Junction,30-1255023
+380 (541) 586-4078,esteencv@goo.ne.jp,5616 Toban Court,52-6659225
+86 (701) 750-5013,snovkoviccw@phpbb.com,02 Boyd Crossing,40-7932965
+86 (694) 499-8634,abukowskicx@walmart.com,504 Mayfield Plaza,83-3170750
+62 (513) 801-0956,gridwoodcy@shinystat.com,0 Debs Hill,18-8696663
+420 (625) 175-5267,sdinseycz@uol.com.br,0400 Hollow Ridge Terrace,44-3004767
+63 (740) 529-4845,apilkintond0@blogger.com,0 Little Fleur Terrace,90-8490105
+504 (150) 314-7983,ckeysond1@shinystat.com,43825 Swallow Junction,96-5421544
+62 (346) 113-7900,rizakoffd2@nytimes.com,17089 Colorado Parkway,71-2050315
+977 (788) 832-1064,eelleryd3@latimes.com,40330 John Wall Plaza,78-1537402
+1 (441) 196-8238,lkleinplatzd4@yahoo.com,5 Mitchell Trail,56-4528817
+7 (217) 385-7257,brennardd5@issuu.com,3 Hollow Ridge Trail,09-2536575
+51 (317) 813-6188,ccornhilld6@bing.com,88843 Maple Wood Circle,73-1880441
+212 (222) 194-1293,vhanced7@hhs.gov,129 Mockingbird Center,47-8078270
+1 (522) 277-3004,aroffed8@addtoany.com,71 Moose Drive,02-4211353
+62 (753) 460-0719,hgilligand9@amazonaws.com,97 Dottie Center,00-6411169
+265 (921) 714-9885,nedmundda@cloudflare.com,41 Merrick Pass,85-4645537
+62 (205) 435-3633,ckitteridgedb@goo.ne.jp,5767 Merrick Park,44-5814496
+382 (906) 868-4355,mcorpdc@microsoft.com,6357 Schmedeman Court,26-0532033
+351 (217) 653-1666,ecoppdd@ucoz.ru,52 Elka Pass,93-7300298
+1 (973) 760-8219,mtenbrugde@epa.gov,106 Manley Avenue,94-3571513
+234 (311) 984-7349,mfreerdf@sogou.com,248 Karstens Hill,51-5022096
+86 (936) 907-1488,mpiggforddg@booking.com,0 Bartillon Hill,95-1809749
+48 (993) 706-5913,fmappdh@opensource.org,13 Sheridan Junction,34-9070128
+55 (997) 797-0436,aterreydi@deliciousdays.com,2839 Coleman Park,55-9524582
+86 (690) 334-8560,ldykadj@economist.com,3290 Loftsgordon Alley,75-2966286
+55 (403) 496-1555,lcamelindk@digg.com,19781 American Ash Crossing,15-2171064
+64 (913) 560-2879,ssoarsdl@yandex.ru,227 Nova Center,74-5217902
+48 (926) 817-4235,mtrottdm@ehow.com,00180 Kinsman Center,63-6646268
+7 (764) 653-2338,fpoytresdn@upenn.edu,67 Dawn Parkway,44-1827440
+86 (769) 391-4558,tsaipydo@phoca.cz,34 Glacier Hill Plaza,98-1863223
+84 (866) 310-4355,vcrutchleydp@privacy.gov.au,28204 Rockefeller Terrace,51-4930709
+62 (502) 293-5114,hitzakdq@nytimes.com,5 Graedel Road,18-6285267
+7 (957) 161-3482,rwellsmandr@mashable.com,3 Sachtjen Way,29-3326072
+51 (238) 369-9209,fliklyds@techcrunch.com,067 Debra Pass,61-5291880
+33 (989) 409-0720,jnicklendt@wp.com,81072 Vera Pass,15-0664174
+66 (352) 263-7411,smacgowdu@meetup.com,751 Elgar Pass,07-1733261
+502 (241) 225-8258,ehearldv@uol.com.br,00 Doe Crossing Point,87-6060522
+358 (216) 741-0397,iizkovitchdw@desdev.cn,19 Macpherson Avenue,51-6678826
+420 (615) 376-6030,tcrocketdx@mayoclinic.com,52 Beilfuss Pass,84-6711163
+351 (562) 548-6241,kklaggemandy@g.co,9892 Vidon Road,86-6948011
+66 (103) 198-9697,kluipolddz@harvard.edu,25 Memorial Parkway,91-6337930
+970 (790) 298-6435,iglawsope0@themeforest.net,37327 Kennedy Center,22-8148075
+86 (770) 159-4493,tearlye1@wordpress.org,043 Blackbird Drive,22-7243601
+57 (607) 829-5985,mkuzemkae2@wp.com,4778 Old Shore Plaza,73-9363659
+62 (421) 566-9290,avirgoee3@businessinsider.com,70 Vidon Center,53-0029153
+1 (588) 285-4033,fsymondsone4@merriam-webster.com,19859 Hayes Hill,73-6865349
+351 (809) 874-7395,odeblasiise5@europa.eu,674 Boyd Trail,59-3586198
+371 (298) 793-8114,fmcilhonee6@guardian.co.uk,682 Service Crossing,78-6105189
+93 (594) 252-8787,lsherebrooke7@cargocollective.com,8 Brickson Park Road,18-4929614
+62 (193) 118-8625,mpottiphare8@wikipedia.org,54129 Mariners Cove Avenue,13-7594742
+57 (248) 184-1715,wbarbeye9@reverbnation.com,991 Butterfield Court,14-7588969
+389 (790) 691-8596,jscintsburyea@nytimes.com,247 Towne Lane,50-8819578
+351 (903) 954-5576,ubewshireeb@ehow.com,08 Blaine Center,26-9044831
+420 (681) 971-6677,,118 Rusk Hill,40-9836213
+7 (653) 225-1563,mparmbyed@uiuc.edu,89 Fairview Plaza,51-4599344
+86 (581) 200-4194,gspoffordee@smugmug.com,0 Village Parkway,68-1938313
+62 (774) 254-0118,evamplusef@ebay.co.uk,5 Gerald Park,90-2891822
+1 (605) 886-1699,crothermeleg@twitter.com,75 Moulton Junction,79-9160465
+380 (783) 281-3558,swindibankeh@scientificamerican.com,1 Red Cloud Hill,91-7244710
+86 (880) 585-1950,csmullinei@umich.edu,99 Buena Vista Trail,79-7557603
+351 (887) 170-6235,golkowiczej@uol.com.br,8834 Daystar Avenue,61-0771383
+30 (961) 637-4734,bshaveek@squidoo.com,046 Lunder Junction,24-4520321
+51 (446) 218-6260,kmackeggel@acquirethisname.com,0576 Forest Run Hill,59-5534899
+963 (278) 441-9483,clivezeyem@sourceforge.net,0518 Sugar Center,06-6205903
+86 (964) 511-3892,edulsonen@wsj.com,8 Oxford Way,55-9940941
+86 (604) 906-2850,hwisdisheo@cocolog-nifty.com,9 Ridge Oak Parkway,93-9150950
+86 (844) 866-0504,bfusseyep@soup.io,20 Anthes Alley,56-2021898
+591 (961) 726-5387,mjacmardeq@hhs.gov,8 Ohio Court,06-6995394
+62 (916) 829-8986,wcrippser@webmd.com,4857 Dorton Center,66-6588279
+63 (181) 456-9219,ygorringes@cnet.com,47725 Roth Trail,25-3855712
+260 (330) 836-7356,tlamswoodet@stumbleupon.com,1494 Tennyson Parkway,80-9882277
+373 (196) 798-5530,hlappineu@miitbeian.gov.cn,8172 Dixon Alley,77-3597085
+54 (217) 346-6674,mthurlbeckev@behance.net,368 Manley Plaza,06-6665158
+358 (595) 861-3565,cnuddeew@cloudflare.com,3 Karstens Lane,46-2107318
+62 (397) 840-3323,vmackneyex@t-online.de,18503 Quincy Road,93-8810080
+49 (515) 246-0558,ewardropeey@linkedin.com,7977 Esker Point,94-1071911
+55 (129) 443-1490,jaldisez@wikia.com,94260 Green Ridge Park,74-9917462
+1 (659) 119-0218,jgirvanf0@dropbox.com,5 Hollow Ridge Circle,57-4976198
+595 (904) 422-7173,skenderdinef1@godaddy.com,00189 Stoughton Junction,89-5973182
+420 (570) 334-6741,jmcmeekinf2@gmpg.org,39 Evergreen Avenue,64-8982563
+62 (234) 475-0573,aalessandonef3@flavors.me,0 Judy Drive,64-5689914
+62 (529) 274-7981,cbifordf4@discuz.net,39653 Schmedeman Court,44-4398159
+86 (234) 912-2457,mdabernottf5@livejournal.com,353 Parkside Drive,58-6619895
+84 (339) 907-5395,gnannonif6@java.com,41 Pawling Street,75-4972936
+57 (490) 602-5861,jsneesbief7@whitehouse.gov,41911 Meadow Valley Road,73-8381000
+84 (645) 906-5573,nlittlefairf8@who.int,2 Doe Crossing Terrace,38-8874179
+353 (513) 189-4655,bwarnef9@npr.org,0 Monument Center,43-8639115
+62 (948) 427-5131,hdesimonifa@army.mil,2 Dovetail Junction,09-3402628
+66 (901) 118-9318,bskipperbottomfb@thetimes.co.uk,4602 Golf Center,18-3268313
+51 (650) 974-3259,pjosefsenfc@netscape.com,216 Pleasure Avenue,32-9683162
+47 (349) 914-2048,gtremblefd@vistaprint.com,8528 Erie Pass,85-4596922
+351 (503) 659-4339,mpenlingtonfe@lycos.com,94 John Wall Parkway,44-6232505
+86 (140) 396-2701,pkilgourff@mlb.com,0 Bay Circle,08-7627735
+66 (434) 779-8030,pmattiolifg@facebook.com,2207 Forest Road,92-1817645
+62 (159) 588-5493,dtourotfh@exblog.jp,201 Dryden Place,54-9530192
+970 (110) 725-8512,aodoranfi@google.com.au,062 Beilfuss Crossing,47-2797454
+86 (137) 368-5786,tmathersonfj@ibm.com,6823 Lunder Way,65-4167294
+46 (518) 914-5610,acuerdafk@g.co,5450 Tennessee Court,13-2634883
+86 (382) 605-3859,ntapefl@bing.com,151 Arizona Center,17-6491124
+48 (664) 188-1810,hschlaghfm@mashable.com,7231 Main Terrace,40-5127082
+263 (676) 164-2814,aahlinfn@sina.com.cn,34182 Walton Drive,36-6190705
+46 (135) 902-4795,bchisnallfo@furl.net,2 Anhalt Alley,81-1310673
+46 (690) 805-4997,fcorssfp@1und1.de,73752 Lawn Trail,36-7106668
+54 (444) 161-4774,mdeferrarifq@lycos.com,373 Prairieview Center,08-8845872
+86 (568) 165-0118,gixerfr@de.vu,5 Dunning Alley,75-3347165
+86 (914) 917-1002,wdarwinfs@liveinternet.ru,05463 Pond Center,18-1325014
+62 (998) 586-0265,hharrillft@craigslist.org,4013 Mallard Avenue,86-0684754
+48 (190) 808-3098,,09614 Di Loreto Circle,02-4536644
+976 (607) 801-3095,gnottifv@indiegogo.com,2 Hoard Center,73-4431443
+351 (917) 561-8819,mfieldfw@exblog.jp,016 Canary Pass,29-1800241
+62 (617) 786-0269,csinkinsonfx@sogou.com,2628 Luster Way,52-8334481
+7 (762) 163-5385,drostronfy@topsy.com,028 Nova Pass,02-5427722
+46 (517) 381-8877,fbartholomieufz@eventbrite.com,39366 Little Fleur Parkway,04-4370956
+39 (250) 320-5178,cjanakg0@gov.uk,5952 Valley Edge Avenue,66-0573040
+692 (700) 450-6611,fminnisg1@w3.org,04050 Oneill Hill,76-3788573
+420 (814) 923-3340,uschoenrockg2@phpbb.com,9 Sheridan Avenue,51-4223499
+380 (806) 287-5790,ddeclercqg3@indiegogo.com,3 Reindahl Street,00-8190274
+86 (607) 897-0632,mfavillg4@yelp.com,72127 Bartelt Court,60-5607203
+7 (670) 468-9485,specheg5@ucoz.ru,56313 Fulton Terrace,61-6811324
+691 (962) 386-9025,jbowcherg6@prlog.org,94 Eggendart Way,53-1405847
+86 (692) 449-4497,trubbertsg7@bluehost.com,118 Stang Avenue,91-2420894
+1 (775) 122-6955,lgoldsbyg8@multiply.com,617 Buena Vista Way,54-6526032
+86 (153) 627-0806,mwoodhamg9@clickbank.net,483 Bayside Place,03-6578146
+7 (975) 958-1992,rconingga@unblog.fr,56636 Talisman Drive,99-9177149
+7 (154) 197-5072,gelletsongb@biglobe.ne.jp,9 Maywood Parkway,05-2380408
+7 (343) 106-7638,mlawdhamgc@netlog.com,77649 Gerald Circle,20-2148472
+92 (562) 346-9179,szellnergd@dot.gov,5680 Pond Plaza,55-7002578
+7 (641) 678-3256,dwharinge@geocities.jp,66 Valley Edge Drive,82-6656666
+7 (159) 635-2844,cweippertgf@irs.gov,74661 Fulton Way,83-8377849
+57 (516) 206-7752,peldredgg@dion.ne.jp,44 Mitchell Parkway,90-0901184
+51 (750) 943-0792,cmacdougallgh@prnewswire.com,25 Ilene Terrace,30-7319342
+48 (340) 107-9821,soliphantgi@sitemeter.com,2 Northwestern Junction,18-4657693
+7 (335) 791-5526,rloveringgj@csmonitor.com,0 Autumn Leaf Lane,81-6651964
+7 (865) 493-1664,nmignotgk@loc.gov,9 Lyons Terrace,26-4243462
+86 (429) 549-0574,kstablegl@networksolutions.com,736 3rd Junction,56-9676538
+351 (909) 465-3206,czanussiigm@google.es,22549 Almo Plaza,34-9642334
+54 (236) 383-5348,fpeasegodgn@newyorker.com,875 Basil Drive,64-6063685
+27 (788) 288-9505,scoarsergo@dailymail.co.uk,014 Rusk Park,19-2161613
+352 (131) 846-0679,fhitchensgp@csmonitor.com,2 Buena Vista Park,57-5286403
+86 (832) 897-7206,ebeccerogq@simplemachines.org,72985 Oakridge Hill,37-7643756
+86 (539) 727-8796,bsiebertgr@sbwire.com,5 Kenwood Street,86-6352758
+86 (809) 759-3968,mleftbridgegs@weather.com,61 Armistice Alley,00-3155074
+84 (982) 467-8781,cspencersgt@discuz.net,9427 Jenifer Lane,36-9595914
+86 (955) 923-5034,dverrillgu@businessinsider.com,20 Old Shore Crossing,78-6272917
+48 (216) 393-9941,csoutheygv@mozilla.org,5725 Gulseth Street,46-9029156
+63 (640) 679-3430,tmaccartgw@irs.gov,1 Dexter Avenue,28-2231616
+63 (879) 232-0146,bkneelandgx@loc.gov,531 Crescent Oaks Alley,98-1233335
+20 (190) 933-6959,aalbrightongy@weather.com,5644 Pearson Place,50-8454566
+81 (505) 212-5770,ksimonningz@google.com,0 Gateway Crossing,86-0721951
+1 (718) 303-6050,cbelitzh0@yelp.com,71 Armistice Road,94-2435261
+994 (849) 698-2627,syeseninh1@deviantart.com,5 Esch Trail,71-8124643
+86 (949) 965-8007,pglanerth2@sogou.com,417 Bultman Street,85-2262369
+976 (900) 316-2736,mganifordh3@cocolog-nifty.com,69213 Riverside Court,26-3282230
+1 (917) 177-9685,ssherrockh4@timesonline.co.uk,7227 Coolidge Way,16-8271480
+86 (881) 772-0315,enapperh5@g.co,47 Kingsford Junction,75-3994362
+93 (245) 490-5237,sshotboulteh6@cdbaby.com,519 Parkside Drive,95-9902083
+1 (255) 724-1367,ccahanh7@privacy.gov.au,9 Northview Parkway,02-1772397
+52 (278) 942-3700,shumbatchh8@yellowpages.com,100 Rockefeller Road,55-8737029
+62 (601) 889-0675,,3 Rutledge Terrace,84-6850257
+51 (409) 921-9183,mcowerdha@desdev.cn,21250 Straubel Road,27-1922491
+51 (718) 849-8921,ggorstidgehb@wordpress.org,60282 Ludington Trail,61-2396455
+7 (544) 976-1511,gmoyeshc@yale.edu,1558 Hauk Road,66-3899072
+48 (249) 461-9723,wjoycehd@people.com.cn,518 Blue Bill Park Way,34-3225010
+62 (261) 900-4733,gnoothe@washington.edu,44 Barnett Avenue,11-1054988
+86 (358) 350-8248,tmargerrisonhf@woothemes.com,1 School Trail,14-5454161
+351 (970) 585-3085,soldnallhg@cocolog-nifty.com,72737 Bowman Trail,16-8939914
+7 (355) 728-2095,cmesserhh@digg.com,9 Tennyson Trail,26-7751796
+33 (436) 841-0617,jparfetthi@photobucket.com,93079 Rockefeller Court,48-9065948
+7 (494) 274-1743,tstaininghj@cyberchimps.com,594 Sutherland Plaza,70-4521392
+51 (210) 479-9620,cclubbhk@house.gov,30 Gerald Court,40-0665905
+351 (846) 236-0610,dbeharrellhl@utexas.edu,03240 Drewry Point,89-6024164
+1 (109) 481-7777,ntartthm@fda.gov,0572 Oakridge Crossing,71-9402749
+62 (842) 685-8021,egarehn@macromedia.com,4 Delladonna Parkway,47-6419363
+84 (712) 292-5878,fkinnonho@slashdot.org,91 Lillian Court,45-1374319
+374 (792) 605-8648,ehandrokhp@google.ca,5189 Miller Circle,35-1820695
+229 (154) 568-2595,gjazehq@dmoz.org,30575 Roxbury Drive,00-4725175
+255 (734) 303-6479,fgreenhr@yandex.ru,104 Kedzie Place,53-5203485
+84 (298) 897-4362,mnormansellhs@mit.edu,61 Rowland Place,96-7021450
+48 (775) 518-2888,ghackletonht@tuttocitta.it,14 Old Gate Parkway,83-7509300
+33 (788) 437-8079,epaunceforthu@jimdo.com,41526 Johnson Road,41-7452481
+49 (596) 424-0246,lbouldenhv@businesswire.com,14600 American Ash Hill,71-9745340
+63 (542) 820-0493,bwasmerhw@godaddy.com,6 Arizona Place,76-0850753
+1 (797) 194-9736,adirandhx@goodreads.com,618 Jay Center,35-2727586
+62 (818) 488-7358,echaffhy@marketwatch.com,7 Garrison Alley,18-3086260
+62 (981) 206-9254,gplenderleithhz@ycombinator.com,6 Kedzie Point,59-7115270
+1 (330) 289-0849,ayerborni0@cbsnews.com,57617 Bultman Hill,22-4296010
+81 (388) 989-1636,fducarnei1@hatena.ne.jp,7 Manufacturers Center,91-8523523
+370 (828) 746-3574,cdarboni2@timesonline.co.uk,,40-0191516
+27 (559) 107-7036,,05249 Sachtjen Alley,84-8506000
+507 (283) 595-5315,lpharoahi4@ihg.com,52 Pine View Park,80-4140155
+381 (456) 925-6623,drobezi5@xrea.com,4 Ilene Point,97-2708364
+595 (220) 441-4871,mkeppei6@constantcontact.com,,60-1816685
+33 (690) 323-8953,jhammarbergi7@unblog.fr,76 Eastwood Point,23-5289352
+86 (121) 810-0211,pbourtoumieuxi8@naver.com,77 Bartelt Circle,86-9814876
+86 (134) 154-6388,dtanzeri9@home.pl,2290 Prairieview Road,05-6363950
+355 (464) 176-6832,rpolkinhornia@homestead.com,9927 Browning Trail,84-7237627
+7 (351) 744-4407,nnoddleib@yahoo.com,5 Warner Terrace,12-3665304
+55 (216) 107-2538,ftrimnellic@guardian.co.uk,766 Onsgard Plaza,77-5264398
+1 (860) 788-4633,fcourtonneid@4shared.com,22 Crownhardt Parkway,46-3257424
+49 (244) 126-1599,sfishpondie@hugedomains.com,1619 Evergreen Road,18-9999335
+86 (217) 202-3116,mgellif@geocities.jp,164 Ohio Drive,19-3294914
+970 (339) 688-3141,rregglarig@addthis.com,,07-3118320
+55 (577) 907-7399,wosbidstonih@geocities.jp,04 Blue Bill Park Trail,79-8655525
+95 (732) 943-1287,ecaspellii@tinypic.com,,78-8847079
+55 (971) 650-2917,vblabberij@weibo.com,276 Kropf Pass,88-1938501
+86 (372) 369-2751,amcilhaggaik@psu.edu,5911 West Hill,13-3663364
+1 (904) 925-6827,nmitkcovil@ed.gov,40861 Ruskin Pass,14-9087170
+27 (553) 706-0188,kblamiresim@ifeng.com,51 Dayton Center,52-3140493
+62 (142) 406-6330,smuskerin@bbc.co.uk,8014 Brentwood Place,83-3830753
+57 (763) 182-5168,alaxenio@vkontakte.ru,53696 Jay Lane,14-9209773
+226 (513) 287-9192,ehatleyip@live.com,6 Basil Lane,42-7821605
+212 (319) 381-4348,cgeorgeliniq@friendfeed.com,760 Esker Avenue,73-7408290
+60 (433) 148-9949,dblackleechir@slashdot.org,9 Susan Center,39-4279891
+62 (793) 330-9953,clicciardois@ebay.com,6315 Dapin Place,62-2462401
+62 (154) 855-0771,obulmerit@mashable.com,11007 Tennessee Junction,98-7222858
+7 (670) 759-2826,nmacgauhyiu@google.co.jp,7941 Village Green Court,51-3169256
+380 (990) 905-9876,nsonneriv@dyndns.org,9668 Schlimgen Parkway,61-8596109
+62 (760) 201-7797,bternaultiw@youku.com,01541 Victoria Drive,42-0501653
+7 (668) 472-6755,acoughlinix@uol.com.br,792 Vermont Way,77-2912512
+62 (214) 424-6835,emcausleneiy@amazon.com,94235 Prairie Rose Hill,32-0618862
+381 (237) 204-2321,,6 Northview Plaza,42-6110788
+351 (643) 737-4792,hspringj0@globo.com,96896 Holmberg Trail,01-1171598
+374 (482) 236-6025,mitzhayekj1@utexas.edu,601 Larry Hill,54-5767084
+86 (683) 727-5514,jokkerj2@cpanel.net,,04-2494430
+267 (954) 289-1506,jtincknellj3@ca.gov,9201 Burrows Hill,49-5598020
+63 (591) 741-0834,pavisj4@wufoo.com,63 Crescent Oaks Park,55-8733614
+86 (724) 971-1014,btorresij5@java.com,85 Eastlawn Terrace,06-2487284
+7 (176) 669-8712,tbrimhamj6@patch.com,2 Sullivan Drive,11-2379479
+63 (299) 358-0132,nlangej7@spotify.com,21 Fairfield Trail,29-1054950
+55 (183) 665-9404,djosselsohnj8@hostgator.com,8295 Dunning Terrace,55-8237930
+386 (795) 494-7704,ghounsomj9@ft.com,3622 Sugar Court,75-7148848
+66 (696) 502-4698,mloisija@mediafire.com,29814 Monica Park,39-9382457
+52 (183) 160-8495,klarkinsjb@storify.com,8 Autumn Leaf Center,64-9356566
+599 (702) 164-9169,asandryjc@alexa.com,8475 Loeprich Terrace,32-5377594
+86 (641) 892-4433,aalpinjd@dot.gov,05 Ruskin Center,44-6363647
+242 (957) 729-2359,lohingertyje@photobucket.com,20506 Atwood Pass,94-1603174
+995 (644) 687-0413,dgregorejf@studiopress.com,16 Mayfield Crossing,73-6867957
+62 (672) 324-0493,nchildesjg@goo.ne.jp,01 Shasta Court,04-3526744
+351 (768) 814-6635,rklaffjh@xrea.com,1 Rockefeller Pass,69-2932992
+82 (845) 936-3353,jbellhangerji@marriott.com,9 Hoepker Hill,78-0191875
+353 (862) 392-6539,cspeachleyjj@163.com,37481 5th Drive,57-6353470
+48 (900) 965-8515,mdelaperrellejk@cam.ac.uk,,59-3080929
+62 (575) 239-4635,nbassetjl@plala.or.jp,543 Nancy Drive,10-6062589
+62 (217) 640-0575,ltwelvesjm@odnoklassniki.ru,9 Buell Pass,61-3846087
+7 (649) 170-2892,wbleazardjn@berkeley.edu,26040 Vidon Alley,20-5249421
+260 (548) 355-7343,lshurmanjo@loc.gov,6762 Warrior Lane,64-1193195
+960 (446) 684-3757,rradbonejp@myspace.com,1076 Toban Place,01-4776650
+351 (332) 695-7339,dsprakejq@weather.com,555 Eagan Plaza,44-4501993
+63 (323) 193-9452,hcavilljr@mozilla.org,1 Loeprich Hill,20-1765836
+62 (165) 344-7284,kzamoranojs@abc.net.au,1817 Northview Trail,75-4902635
+92 (475) 910-8319,abiasinijt@zimbio.com,58 Melrose Road,95-8458836
+232 (462) 897-8214,acornnerju@4shared.com,37 Vermont Court,20-6431292
+48 (842) 756-8794,dlantryjv@usatoday.com,9 Waubesa Drive,40-0367873
+351 (788) 467-8988,shemphilljw@canalblog.com,3790 Union Way,90-1883239
+62 (490) 753-5995,mhoodlessjx@facebook.com,50861 Hooker Way,05-6225180
+7 (864) 479-4330,pmorenajy@ustream.tv,95987 Prairieview Place,84-6410721
+351 (877) 528-8957,kgambelljz@craigslist.org,1541 Fallview Lane,76-5952074
+359 (455) 216-8213,santhoinek0@telegraph.co.uk,556 Muir Point,98-5811239
+32 (944) 775-0533,dtarbardk1@amazonaws.com,960 Green Ridge Hill,48-6003075
+216 (262) 677-6726,atrevinok2@epa.gov,61 Alpine Alley,27-1541565
+62 (392) 353-8863,dwebbornk3@storify.com,962 Dayton Crossing,22-9111363
+1 (196) 172-4790,gnoonank4@hostgator.com,4081 Hoepker Circle,24-9452943
+93 (141) 102-4114,sdumphryk5@seattletimes.com,954 Caliangt Crossing,06-1943432
+82 (551) 486-9461,nglovesk6@sogou.com,1422 Towne Plaza,47-8956608
+62 (945) 900-2298,eroundtreek7@yellowbook.com,73 Prentice Court,67-3734372
+1 (603) 734-0710,qfloryk8@disqus.com,9 Crest Line Park,59-1809691
+226 (299) 181-7302,,6 Sycamore Park,73-5507655
+62 (602) 741-7232,mcrameka@google.es,05547 Lawn Avenue,33-3151343
+992 (187) 570-2003,sapfelmannkb@weebly.com,0 Tennyson Point,93-1290732
+1 (651) 932-0449,sflowethkc@facebook.com,1826 Magdeline Road,18-0055161
+504 (207) 612-8697,jrolfkd@nydailynews.com,732 Elgar Street,00-1810227
+34 (606) 921-8086,smacaskieke@trellian.com,767 Pankratz Way,02-7811677
+55 (768) 483-0597,nlubbockkf@newsvine.com,8 Stang Lane,11-2962626
+47 (431) 911-0769,bwharbykg@deliciousdays.com,1202 Jana Court,97-7764944
+55 (352) 512-2572,mgrennankh@gmpg.org,,74-6108383
+66 (389) 696-3161,yboakeski@epa.gov,50 Hanson Parkway,87-5738515
+62 (941) 445-4092,vcoomkj@foxnews.com,568 Pierstorff Point,10-2187323
+225 (665) 803-3728,adooherkk@themeforest.net,191 Dakota Point,99-9335857
+976 (541) 294-8718,lcorringhamkl@admin.ch,884 Westridge Center,39-3809948
+7 (392) 873-8591,bdavenportkm@blogs.com,73 Columbus Alley,54-0829799
+380 (447) 102-5732,lforkankn@cpanel.net,2 Old Shore Junction,97-5847701
+86 (534) 244-7231,zfillerko@state.gov,4 Sunfield Plaza,58-3738762
+86 (284) 533-4167,rroadskp@sogou.com,86368 Northwestern Crossing,82-8736596
+1 (513) 123-7069,sclerykq@ucla.edu,7915 Sullivan Street,11-5388585
+375 (171) 638-5732,gbiddlecombekr@comsenz.com,81 Transport Lane,95-5279934
+381 (895) 139-6050,pgasgarthks@patch.com,20260 Service Plaza,85-2911994
+86 (700) 954-4506,eianizzikt@dailymail.co.uk,17108 Barby Plaza,91-6908177
+351 (165) 529-3895,lgledhallku@cafepress.com,3 Knutson Hill,23-7602977
+996 (486) 158-9472,ekeaseykv@spiegel.de,631 Lindbergh Plaza,74-4881973
+380 (244) 924-8314,mbenardeaukw@histats.com,8 Arkansas Point,94-5051068
+86 (251) 321-9882,boloinnkx@hubpages.com,07659 Rowland Hill,16-2294538
+46 (223) 798-2302,kfyshky@latimes.com,001 Rockefeller Crossing,11-3918069
+58 (715) 522-1749,tkordingkz@sourceforge.net,3658 Doe Crossing Court,19-4834101
+48 (486) 626-8932,kyeatesl0@gravatar.com,3337 Banding Crossing,81-4495697
+385 (297) 886-1609,sbutterl1@over-blog.com,50 Schurz Place,80-8389234
+1 (204) 462-3770,edickyl2@google.com,5008 Crescent Oaks Drive,60-3036081
+51 (909) 695-6008,tspiveyl3@sohu.com,01 Summit Lane,62-8606689
+370 (325) 575-0800,ipatrichel4@microsoft.com,20 Marcy Plaza,20-2585433
+385 (697) 381-1020,csutherell5@time.com,387 Gina Street,15-9152397
+81 (452) 283-3076,gbargel6@pinterest.com,08 Canary Street,12-3850982
+374 (847) 100-9855,gguichardl7@freewebs.com,57583 Oneill Parkway,11-6656693
+1 (361) 247-9448,rmartinellil8@canalblog.com,30 Di Loreto Avenue,49-9132823
+49 (740) 233-2366,jmortonl9@buzzfeed.com,88 Arapahoe Plaza,62-7493874
+55 (124) 899-0324,imcvanela@ucsd.edu,40 Oak Valley Road,41-9909634
+355 (846) 233-5075,fhatherelllb@reference.com,94 Old Shore Street,34-5483926
+235 (723) 780-6826,cmilesaplc@so-net.ne.jp,4 Mcguire Hill,98-0426881
+20 (368) 526-0015,astefild@skype.com,563 Farwell Center,60-7461515
+86 (571) 612-7450,lkuncle@printfriendly.com,7 Schlimgen Court,07-7033861
+55 (971) 612-6474,rcanelf@blogspot.com,4145 Mallard Hill,05-3050908
+63 (549) 223-5049,ematchittlg@fc2.com,6 Amoth Alley,14-7239792
+98 (149) 356-9863,pmorfeylh@so-net.ne.jp,613 Crescent Oaks Alley,93-6041252
+7 (542) 101-7819,efitzroyli@archive.org,21 Gale Hill,10-4388640
+62 (524) 216-4277,gcorstorphinelj@google.co.uk,0 Drewry Parkway,67-7035344
+970 (952) 883-6450,,32 Barby Drive,88-3878847
+86 (250) 557-6506,jrogeonll@feedburner.com,9095 Boyd Point,99-9509695
+62 (736) 447-9962,lpearnlm@sakura.ne.jp,675 Duke Trail,35-0714272
+62 (982) 802-1153,hwillischln@nba.com,3 Merry Terrace,78-0057558
+81 (828) 199-9419,ftwinninglo@nyu.edu,0 Cambridge Hill,84-6792246
+86 (497) 280-2159,bdobrovskylp@harvard.edu,1 Cherokee Hill,98-1373251
+55 (736) 340-2189,dvanderbruglq@cloudflare.com,9 Sugar Junction,14-2906798
+81 (956) 214-0302,citzkovlr@reference.com,97475 Cherokee Crossing,91-4735033
+62 (872) 506-0488,dfranschinils@dyndns.org,80 Roth Crossing,15-6163639
+996 (447) 777-7953,lleucharslt@prnewswire.com,09 Chinook Drive,60-2338870
+62 (446) 148-9184,scawsonlu@cam.ac.uk,6 Pond Road,86-3734801
+244 (917) 719-5933,cdurnilllv@hexun.com,30 Sunbrook Drive,30-6022716
+46 (104) 210-2687,wassardlw@wikimedia.org,1588 Luster Junction,48-3327001
+84 (509) 309-8181,mratterlx@constantcontact.com,392 Schlimgen Drive,78-5338461
+62 (563) 808-0996,bslimmingly@independent.co.uk,,02-2825464
+62 (497) 426-3294,elardnarlz@i2i.jp,7 Elmside Parkway,23-3148076
+506 (417) 801-7937,scamellim0@sciencedirect.com,032 Kropf Hill,79-9211766
+351 (730) 351-5727,cdawbym1@ezinearticles.com,2157 Dixon Hill,90-1538103
+27 (290) 351-2575,iolleym2@youtu.be,4139 Holmberg Crossing,51-4566464
+62 (349) 486-0157,cbriersm3@boston.com,70 International Drive,27-4757913
+251 (406) 273-5787,,5484 Almo Parkway,08-8385121
+234 (875) 913-7037,agonsalom5@dailymail.co.uk,11307 Talisman Point,92-8843442
+30 (755) 222-3870,cjohnssonm6@vistaprint.com,868 Union Terrace,48-5792006
+62 (838) 129-0225,ebussem7@myspace.com,2906 Vermont Park,12-9443781
+62 (358) 411-3450,kfillarym8@mail.ru,12 Helena Court,00-5818652
+54 (757) 699-4161,vcorintonm9@people.com.cn,438 Ridge Oak Avenue,92-4812149
+55 (507) 278-0621,edesportema@mail.ru,96 Fisk Plaza,42-5066770
+352 (604) 170-6303,ssifletmb@aol.com,7 Westend Terrace,52-5672770
+62 (710) 975-9905,wbuckbymc@bing.com,8 Pankratz Alley,61-0615152
+62 (974) 911-6184,alathymd@salon.com,49096 Raven Trail,38-5863988
+256 (129) 463-0476,,54 Hudson Circle,20-7332856
+48 (478) 738-3788,emeachermf@mac.com,4344 Nobel Alley,05-8400081
+880 (182) 499-5236,aolneymg@patch.com,48 Jenifer Court,76-9666785
+1 (303) 944-2102,hyurocjkinmh@soup.io,89859 Ridge Oak Hill,11-7595625
+86 (536) 792-9896,cendlemi@acquirethisname.com,38616 Rockefeller Pass,00-1373955
+372 (119) 596-9959,masplenmj@pbs.org,1561 Sunfield Crossing,48-5667739
+58 (718) 786-1203,bchoulesmk@rakuten.co.jp,99 Portage Lane,23-7990275
+227 (394) 907-7255,mhakesml@state.tx.us,6 5th Point,38-7473466
+86 (384) 617-2501,jinggallmm@barnesandnoble.com,2 Hazelcrest Junction,46-0207907
+505 (384) 226-3203,nhumesmn@freewebs.com,50863 Briar Crest Way,63-9538101
+375 (778) 851-5745,stidburymo@storify.com,93 Westend Junction,73-3620050
+7 (335) 574-4387,ecysonmp@ed.gov,4 Autumn Leaf Plaza,40-6284491
+86 (316) 166-3916,pbertomeumq@cdc.gov,939 Petterle Avenue,47-8635158
+52 (515) 366-8534,ffishpoolemr@pagesperso-orange.fr,558 Grim Alley,95-2048151
+84 (518) 925-9489,cgudgenms@ca.gov,51497 Annamark Road,15-5193240
+218 (364) 252-0496,ltravissmt@domainmarket.com,2379 Golf Course Alley,26-1647935
+86 (201) 210-8333,rkimmingsmu@cbsnews.com,39 Ilene Pass,01-0237326
+1 (947) 421-6752,rkondratmv@hatena.ne.jp,587 1st Pass,51-7072575
+86 (592) 100-9267,mgallyhaockmw@noaa.gov,03521 Michigan Junction,24-1636595
+66 (398) 680-1824,kwraymx@unesco.org,7282 Beilfuss Center,47-7172739
+57 (710) 660-5865,hriguardmy@aol.com,13802 Kim Trail,98-7999586
+995 (113) 523-3308,glittleovermz@google.cn,68681 Jenifer Terrace,97-4253868
+355 (326) 992-7152,abeckmannn0@ibm.com,4973 Kedzie Terrace,83-4423005
+63 (147) 282-9344,dpeyzern1@baidu.com,508 Schmedeman Street,83-6408179
+46 (677) 811-2600,cmedwayn2@jigsy.com,0595 Mesta Way,15-9711483
+60 (977) 842-2983,bfishbournen3@t-online.de,0 Fordem Pass,84-7120363
+256 (340) 195-5181,ascotchbourougen4@shutterfly.com,606 Service Drive,46-3293366
+86 (618) 783-1988,,9234 Maryland Parkway,39-1299101
+86 (515) 892-1272,rgoodanewn6@timesonline.co.uk,2009 Orin Pass,44-2278109
+502 (909) 330-4008,isandalln7@mashable.com,51 Schlimgen Lane,64-5065207
+33 (304) 577-0677,ltomekn8@vimeo.com,14 Dawn Center,62-3346295
+7 (898) 912-8598,ptampenn9@exblog.jp,48599 Bashford Plaza,86-3490742
+86 (796) 892-3061,hbrunellina@friendfeed.com,,71-7972372
+55 (934) 747-7444,aholdforthnb@webmd.com,43023 Buena Vista Way,54-1516362
+62 (784) 107-3374,rjickellsnc@desdev.cn,0 Pepper Wood Plaza,23-7823167
+48 (435) 819-0694,trasmusnd@nih.gov,7302 Carey Avenue,38-8891110
+49 (900) 749-6263,bdrakene@amazon.com,1677 Sachtjen Circle,25-3104375
+961 (322) 932-3946,ggiacopelonf@upenn.edu,82 Texas Avenue,00-5107768
+62 (824) 875-8762,aflightng@marriott.com,45 Sutherland Road,68-3652021
+352 (237) 532-0493,mallingtonnh@bravesites.com,5735 Duke Alley,53-7131360
+84 (431) 547-7180,mmarchni@opensource.org,54438 Forest Run Terrace,35-6176630
+62 (775) 477-8062,jbonsalenj@gmpg.org,71531 Butterfield Road,79-2898025
+254 (879) 829-2244,mgummernk@yale.edu,6 Sunbrook Way,09-3439654
+54 (532) 896-8802,jsimonettonl@bloglovin.com,4 Sommers Point,57-3677687
+63 (305) 676-1683,dcheekenm@slashdot.org,24473 Acker Hill,42-1989364
+62 (786) 888-2176,awesselnn@skype.com,8987 Merchant Junction,93-1596166
+84 (383) 706-1229,temblinno@theguardian.com,2 Fallview Trail,84-8313812
+86 (955) 703-9163,eglantonnp@tumblr.com,879 Moulton Street,45-2503381
+55 (502) 846-6129,qcoselynq@networksolutions.com,6448 Hooker Center,53-4448424
+970 (633) 979-2839,agayforthnr@aol.com,7078 Troy Park,61-6924228
+86 (440) 783-1840,pdoakns@apache.org,897 Barby Point,91-4481993
+86 (960) 996-9974,twhiffinnt@ycombinator.com,329 Monica Way,86-5519844
+420 (532) 720-5587,aobynu@mysql.com,55 Nova Plaza,71-2542234
+30 (251) 844-3230,sferonetnv@timesonline.co.uk,285 Basil Crossing,07-7844472
+81 (418) 409-1146,mvaleriusnw@surveymonkey.com,3395 Lawn Road,74-3013272
+81 (202) 886-6460,sleonardenx@woothemes.com,853 Schiller Plaza,27-9961745
+7 (601) 365-8201,cfurmstonny@homestead.com,56 Randy Court,24-1293588
+1 (415) 525-8389,bcurringtonnz@desdev.cn,53800 Eagle Crest Crossing,99-0462095
+351 (732) 556-8351,pruberryo0@diigo.com,,00-0264691
+30 (872) 676-9304,rgorceo1@ebay.com,4469 Jackson Avenue,23-6073847
+1 (701) 558-0895,eminkino2@wordpress.com,0 6th Center,22-3964669
+62 (387) 816-0540,llenahano3@paginegialle.it,6 Hayes Parkway,31-1166816
+7 (889) 487-2509,pjohnikino4@networkadvertising.org,1 Hauk Court,07-2082747
+92 (828) 490-8132,dborehamo5@google.it,5280 Cottonwood Drive,47-1003397
+380 (212) 533-4510,dborgeso6@ebay.com,83220 Pankratz Point,90-4638024
+1 (876) 693-9422,vswainsono7@theguardian.com,6 Armistice Avenue,77-1359863
+54 (363) 623-5609,sdiddamso8@about.com,4106 Coolidge Park,55-0217646
+49 (446) 532-9942,aconybearo9@sourceforge.net,471 Holmberg Park,74-2992097
+48 (401) 512-4598,lelmoreoa@ft.com,191 Sloan Road,34-6294115
+1 (916) 530-9335,astillmanob@jiathis.com,5 Canary Street,93-7890599
+261 (630) 846-7458,nbartholomieuoc@ustream.tv,46 Coolidge Terrace,02-3730418
+265 (327) 736-1044,dpyvisod@jiathis.com,517 Sycamore Alley,16-8940760
+84 (290) 744-8735,aenzleyoe@accuweather.com,520 Brickson Park Crossing,21-9539716
+84 (833) 567-2117,rshemeltof@nature.com,19739 Messerschmidt Hill,77-8153315
+267 (612) 470-4305,ckeyndog@nba.com,8445 Bellgrove Parkway,61-9302114
+225 (133) 846-8272,bbackwelloh@apache.org,367 Mandrake Alley,10-5348854
+86 (451) 135-5431,,16324 Debs Pass,26-3046984
+234 (446) 351-7825,rmothersdaleoj@auda.org.au,0 Roth Trail,55-7347546
+86 (780) 446-3843,ghickinbottomok@biglobe.ne.jp,85274 Hudson Plaza,88-6560792
+7 (616) 668-6100,rmelmethol@mit.edu,,11-9268756
+1 (585) 926-3627,dspurdleom@buzzfeed.com,518 Oneill Circle,44-7904128
+62 (532) 443-6555,croycrafton@phpbb.com,577 Fremont Lane,29-7599387
+62 (344) 439-2106,dbeetlestoneoo@harvard.edu,9263 Anthes Court,15-3016951
+351 (810) 262-3992,rprestonop@moonfruit.com,668 Hudson Court,77-9944443
+62 (534) 562-6836,otrokeoq@mac.com,5506 Coolidge Way,96-7678719
+86 (724) 938-9308,agametor@seesaa.net,844 Mayfield Center,51-1160359
+93 (289) 166-2111,jspatigos@scribd.com,2710 Ronald Regan Crossing,32-1982709
+1 (651) 856-7794,lmartenot@eepurl.com,30 Morningstar Court,00-6384418
+63 (305) 670-6392,tdruhanou@cam.ac.uk,13 Daystar Park,49-0026742
+86 (576) 989-0984,apleumanov@epa.gov,363 Coleman Center,96-3318661
+374 (133) 234-3931,eligerow@cargocollective.com,0 Dixon Park,59-1258741
+55 (236) 851-2578,ablakesleeox@php.net,,59-2498420
+55 (495) 869-6631,jcassidyoy@msu.edu,0 Logan Hill,64-8505963
+351 (895) 765-3820,fwintersgilloz@cdbaby.com,8496 Anderson Drive,28-0944707
+380 (975) 394-3974,nszymanekp0@cnn.com,046 Walton Parkway,03-4711277
+86 (275) 146-2301,tlednorp1@umn.edu,409 Aberg Point,38-4273941
+55 (587) 113-8425,gsavoryp2@microsoft.com,11124 Green Ridge Plaza,89-3471035
+52 (911) 455-1067,cveitchp3@yelp.com,69 Steensland Lane,08-4858935
+351 (634) 896-7118,jhoundesomep4@paypal.com,9170 Autumn Leaf Crossing,74-3754277
+57 (405) 789-1542,iklugp5@chron.com,6 Manitowish Avenue,05-1997863
+63 (562) 601-4826,jbarrottp6@sohu.com,33 Eagan Lane,79-7857169
+86 (620) 325-9778,crotchellp7@cam.ac.uk,30 Shopko Parkway,74-7068384
+54 (348) 816-3877,cdmitrichenkop8@msu.edu,482 Mendota Road,56-5444509
+62 (397) 423-7112,mpetcherp9@va.gov,3165 Colorado Crossing,07-0917362
+52 (706) 970-4890,mbellisspa@nature.com,9581 Trailsway Parkway,30-9231666
+7 (576) 820-8151,lredmillepb@ustream.tv,825 Everett Alley,14-1205211
+62 (266) 499-9410,cwillgosspc@patch.com,841 Golf View Point,60-3365156
+62 (236) 394-5774,ckaubischpd@bandcamp.com,689 Brown Road,63-7518086
+509 (110) 558-7321,btyzackpe@joomla.org,90 Katie Plaza,37-5091512
+66 (774) 471-2275,zferbypf@squidoo.com,6 New Castle Junction,47-6423176
+675 (474) 548-7463,hbartusekpg@answers.com,7312 Anthes Alley,94-2650972
+351 (274) 158-7073,tpetyakovph@merriam-webster.com,789 Basil Road,63-2486323
+7 (588) 111-7921,rsalmenpi@fema.gov,73 Elka Crossing,34-0833411
+46 (112) 588-7941,mnotepj@1688.com,5543 Susan Trail,85-6527938
+57 (385) 587-6285,sdecarolipk@github.com,3 Moose Place,04-4483384
+52 (497) 103-2069,bstockspl@quantcast.com,01781 Dennis Avenue,82-2072777
+63 (801) 661-7538,abluepm@dot.gov,15153 Dryden Center,70-0182735
+387 (445) 160-9085,kpoynorpn@who.int,14364 Declaration Drive,04-6367902
+7 (489) 690-5641,gcurnokkpo@about.me,3 Prairieview Junction,34-1475280
+63 (907) 231-9929,bbeechcraftpp@cdbaby.com,6 Donald Center,35-2077664
+33 (247) 748-7666,cseckingtonpq@dyndns.org,76 Nova Lane,50-5678690
+251 (514) 726-2083,mpattlelpr@bbc.co.uk,64 Gateway Parkway,01-6050362
+7 (779) 796-5392,gmcfeatps@aol.com,85 Sutherland Hill,30-9579132
+63 (517) 867-8277,lpaunsfordpt@wordpress.org,356 Corry Lane,40-5322218
+504 (246) 897-3779,pcodepu@last.fm,81 Toban Circle,95-5793847
+55 (410) 621-1079,kshevelspv@phoca.cz,15211 Maywood Street,12-0824954
+1 (501) 254-2836,bbussellpw@t-online.de,84177 Blue Bill Park Hill,28-8133928
+62 (813) 437-2031,econyardpx@ca.gov,499 6th Hill,29-2542184
+33 (187) 563-0370,mfugglespy@gnu.org,3 Bartillon Pass,59-0948838
+62 (130) 410-7113,schansonnaupz@gov.uk,85 Kensington Terrace,04-9658261
+353 (308) 951-0839,apactatq0@nifty.com,67 Carpenter Road,75-5030862
+84 (823) 561-1778,cwilgarq1@acquirethisname.com,35931 Westridge Drive,24-2890510
+86 (300) 964-3032,hmacginneyq2@typepad.com,164 Manitowish Point,02-2196573
+389 (143) 464-1254,amacdowallq3@engadget.com,46 Anderson Pass,53-8101957
+387 (835) 510-2670,aeichmannq4@odnoklassniki.ru,8016 Ruskin Park,51-0450978
+27 (587) 402-6503,mdenholmq5@apache.org,8937 Farwell Circle,34-2766234
+237 (496) 886-5441,ascutcheonq6@a8.net,711 Milwaukee Crossing,28-5148149
+63 (202) 632-3967,rtoulchq7@irs.gov,271 North Park,81-0502403
+7 (216) 509-2747,amarchelloq8@hibu.com,3 Old Shore Alley,50-0985047
+351 (905) 962-7638,prahlq9@sfgate.com,,05-2028232
+7 (570) 961-8246,kleportqa@ucoz.com,14 Corben Road,95-0294131
+57 (481) 762-4558,,4 Donald Pass,73-1455280
+54 (780) 848-1086,bkincaidqc@cocolog-nifty.com,87 Badeau Hill,33-5297790
+351 (193) 945-7406,fsansunqd@reference.com,991 Goodland Circle,62-9176733
+1 (314) 828-2148,skoopqe@alexa.com,24 Clyde Gallagher Alley,40-2001760
+86 (582) 607-1544,boughtonqf@microsoft.com,4 Carberry Trail,88-0098953
+86 (543) 285-2128,igallardqg@blogger.com,314 Hoffman Alley,75-5773891
+63 (886) 843-0284,gswainsonqh@digg.com,377 New Castle Pass,17-8139764
+86 (525) 249-3128,bflugerqi@abc.net.au,013 Logan Road,06-0844141
+86 (713) 764-6071,tfranzoliniqj@domainmarket.com,82 Briar Crest Street,82-1616840
+92 (128) 220-9733,dcardwellqk@mapy.cz,47 Glacier Hill Place,64-1371672
+20 (258) 695-7696,,57095 Westport Street,99-0416244
+66 (664) 340-7797,dbergenqm@histats.com,7 Colorado Circle,13-6522597
+46 (661) 318-5878,imenichiniqn@uol.com.br,28983 Emmet Center,11-6185142
+420 (725) 730-7072,rhorriganqo@vimeo.com,4 Buhler Trail,37-4701353
+62 (433) 776-3072,,0 Dwight Crossing,30-2797459
+351 (535) 231-8893,druosqq@sogou.com,5652 Eagle Crest Plaza,80-5498739
+86 (192) 350-6474,cwelsbyqr@stumbleupon.com,26 Bartelt Lane,12-2349623
+33 (399) 439-2344,rblackleechqs@japanpost.jp,0576 Glendale Way,86-5582890
+351 (971) 813-1306,sharoldqt@arstechnica.com,76490 Northland Court,00-1818952
+66 (638) 641-7919,pkattenhornqu@clickbank.net,64791 Maple Terrace,06-3518007
+62 (866) 646-5912,nbillsberryqv@quantcast.com,146 Continental Point,00-3932249
+57 (245) 672-9361,sdykasqw@unc.edu,9299 Trailsway Alley,10-1456610
+47 (701) 119-3476,atrollopeqx@blogger.com,0 Northland Point,73-0178071
+46 (248) 464-8990,nmingetqy@amazon.de,09 Ridgeview Circle,50-0268377
+84 (644) 135-7650,fstimsonqz@ft.com,38 Sundown Court,33-6617956
+95 (654) 192-5407,achatainierr0@e-recht24.de,15 Schlimgen Terrace,69-1225338
+7 (526) 174-9784,cwifer1@newyorker.com,0 Donald Plaza,73-9431795
+86 (533) 920-3981,dbailesr2@booking.com,9835 Cody Terrace,56-0159837
+1 (384) 684-5096,aprenr3@hatena.ne.jp,072 Schurz Court,18-9158664
+355 (503) 854-2487,lpauelr4@reverbnation.com,4 Namekagon Terrace,46-5725876
+55 (356) 295-7235,cspanswickr5@trellian.com,9 Carpenter Pass,69-6148795
+595 (471) 106-6539,pswetmanr6@free.fr,02637 Union Crossing,37-5987343
+7 (719) 233-5835,pbaldinir7@unc.edu,70888 Packers Hill,37-4194718
+381 (730) 462-0612,rchafneyr8@pen.io,14 Elmside Park,52-6455928
+62 (654) 870-4157,lpavlovr9@kickstarter.com,57377 Oakridge Terrace,37-9811687
+62 (234) 405-3093,astammirsra@opensource.org,9 Scoville Avenue,48-3960472
+595 (603) 116-6747,gcamblinrb@techcrunch.com,2810 Birchwood Alley,48-3066650
+963 (735) 898-5198,dgrigoirerc@surveymonkey.com,30884 Clyde Gallagher Point,75-8859253
+86 (782) 733-2402,wchaperlingrd@is.gd,52 Michigan Road,14-1010034
+86 (169) 693-6848,spardire@photobucket.com,8 Arizona Pass,10-5434661
+81 (226) 777-7357,ogascardrf@blogs.com,63157 Stephen Road,61-0098464
+86 (384) 202-7328,sphilipsrg@nasa.gov,3114 Ruskin Hill,17-5968230
+58 (588) 456-4703,gpougherrh@hexun.com,78984 Menomonie Street,46-2661885
+86 (454) 140-8764,pfairsri@webeden.co.uk,78 Jana Avenue,79-2912468
+86 (224) 123-5783,fwhodcoatrj@wp.com,04 Thackeray Alley,85-1041033
+504 (569) 486-1186,tyewmanrk@usa.gov,6717 Lawn Pass,71-6039699
+7 (760) 535-7977,ibuxyrl@skyrock.com,6992 Beilfuss Point,17-1647824
+1 (610) 305-0202,hblencowerm@tinyurl.com,299 Charing Cross Plaza,21-1728830
+33 (255) 543-0243,rgennrn@hexun.com,55358 Randy Park,15-5931557
+98 (110) 599-2797,dbudikro@shareasale.com,0571 7th Park,82-4302082
+86 (811) 184-4431,rmoynhamrp@xing.com,73 Dennis Park,04-7586913
+63 (559) 122-5854,amithamrq@blinklist.com,87 Morrow Court,49-1551438
+963 (747) 568-5236,,65 Glendale Center,32-5253841
