Project_ID,ID_Emp,Hours,email
93,60-0072641,2654,rperigoe0@ovh.net
16,44-4165602,3442,biveans1@webnode.com
98,84-9358758,103,mbeall2@deliciousdays.com
95,18-6355086,3348,aheadrick3@ask.com
7,84-1648594,1074,fmaitland4@msu.edu
35,59-0617453,3911,rgregson5@desdev.cn
85,12-6766175,3028,gskepper6@state.tx.us
32,77-2438406,2820,eizakovitz7@bloomberg.com
57,57-0750334,852,kogan8@foxnews.com
46,71-0694976,3955,sscott9@dot.gov
71,96-4606061,979,icollingwortha@wp.com
71,08-9785025,3644,kdruryb@ifeng.com
12,57-9286794,2884,aflamentc@myspace.com
40,73-3959052,1850,abassfordd@umn.edu
64,29-4197248,1586,rneavese@un.org
74,74-2182640,2725,tdashwoodf@flickr.com
53,46-7778802,252,tmiddlemassg@123-reg.co.uk
67,79-5397271,3175,mvellenderh@wiley.com
99,29-8278968,2320,tdevonishi@toplist.cz
33,61-0839384,3904,whartnellj@icq.com
39,78-6088349,658,jdemullettk@netlog.com
17,30-1350446,1542,ltatnelll@washington.edu
62,54-4248611,756,pnewlandsm@dailymotion.com
5,45-2784484,3321,loffordn@msu.edu
26,77-9466328,2432,tbecksono@netvibes.com
49,97-3370904,3387,fgregonp@chron.com
20,53-7192989,3305,acutressq@ifeng.com
4,06-5285518,3701,cklaassensr@who.int
67,43-0732864,1555,gworks@opensource.org
65,09-2099123,1010,cdawidowitzt@jalbum.net
8,21-9329615,2062,aschimanku@aol.com
51,65-9140698,1981,smcclintockv@newsvine.com
73,26-3623073,1198,jherreranw@addthis.com
93,98-3711077,2171,jguerolax@accuweather.com
80,36-2680229,1471,everrilloy@typepad.com
40,91-6919554,919,pwhiterodz@blog.com
43,15-2743010,278,dhurn10@live.com
8,41-8288667,3574,rginie11@ameblo.jp
67,60-0624784,2714,fgilyatt12@yellowpages.com
91,85-5248387,980,dbaldocci13@ed.gov
43,04-4182764,1715,msibbson14@mail.ru
6,49-4157383,2575,ralgar15@unblog.fr
96,33-6712491,3672,hnoads16@xrea.com
44,19-6336953,3046,sargabrite17@reference.com
3,10-9746142,142,mstamper18@fc2.com
79,23-9033050,1785,pgillott19@princeton.edu
30,62-7447665,702,nhatherill1a@google.de
62,83-0057557,441,ibondley1b@google.com.br
6,60-1670702,316,sloftin1c@howstuffworks.com
22,73-4685275,169,mmaccaffery1d@diigo.com
21,88-9565952,2096,bstannion1e@phpbb.com
24,10-5387783,453,hkiessel1f@domainmarket.com
89,43-1373735,1227,pollington1g@themeforest.net
64,47-2919828,1199,cgawkes1h@angelfire.com
48,95-4689588,252,ccash1i@ocn.ne.jp
27,11-4682792,2968,daleksich1j@chron.com
46,69-6603143,3406,mhebborne1k@webs.com
69,03-0544646,2892,mlomaz1l@cdc.gov
68,05-2327409,1253,fbelhomme1m@theatlantic.com
40,52-3391334,2363,bsackes1n@people.com.cn
22,47-3961650,3077,mgwilliams1o@slideshare.net
79,65-4721034,3019,sgremane1p@unesco.org
83,89-3472828,165,llattimore1q@un.org
100,83-3912793,2180,cflounders1r@earthlink.net
59,70-9999655,3309,lshynn1s@purevolume.com
98,80-4478106,3644,bduff1t@g.co
65,21-9287684,3297,gjepps1u@ameblo.jp
19,25-4588942,3904,jshepherd1v@mapy.cz
38,55-4157008,1639,mduckworth1w@google.ca
90,28-1702420,3788,rkinkaid1x@google.co.uk
92,64-5519077,2730,rburrow1y@accuweather.com
14,46-2944888,275,rgamblin1z@w3.org
70,64-8437514,828,vbourbon20@statcounter.com
91,27-8043311,3584,tbrokenshaw21@e-recht24.de
40,56-8924839,399,britchman22@google.com
5,46-0865800,930,asulter23@ocn.ne.jp
13,64-2060927,2923,dchallinor24@huffingtonpost.com
59,21-7445378,1856,nconachy25@jugem.jp
76,35-6535507,1019,amcgeagh26@accuweather.com
14,22-3797420,924,nnovichenko27@businessweek.com
15,29-3150135,675,emazonowicz28@seattletimes.com
69,63-4940207,360,sheintze29@slideshare.net
94,48-3288104,3653,tmcgaffey2a@uol.com.br
18,53-7480027,2902,fstackbridge2b@newsvine.com
17,12-2326373,342,wgaul2c@booking.com
35,68-8080133,2572,adeacock2d@netscape.com
10,65-1941246,251,shows2e@stanford.edu
15,98-4134438,681,zabbots2f@columbia.edu
35,74-0844980,2416,ukeslake2g@technorati.com
98,03-8140671,1841,hhesse2h@taobao.com
34,35-6140745,524,wbennington2i@amazonaws.com
58,36-4898344,3674,pabrams2j@ask.com
47,55-8317389,2282,tlinscott2k@infoseek.co.jp
24,33-4750058,1967,jrobuchon2l@toplist.cz
85,66-9226110,2761,rquibell2m@twitpic.com
52,04-8859652,1152,pmains2n@foxnews.com
71,77-8912386,2562,cbramhall2o@indiatimes.com
97,57-9269464,1274,vgriffitts2p@typepad.com
59,66-8436321,2506,bgallelli2q@ustream.tv
8,20-8619088,1726,gheister2r@howstuffworks.com
94,15-8690762,3816,gkovalski2s@plala.or.jp
88,43-6123682,3660,mdickman2t@t.co
88,46-2417741,733,krudinger2u@dailymail.co.uk
91,31-0709019,652,kfaussett2v@etsy.com
30,31-5142691,3140,bhulbert2w@usgs.gov
18,91-9942446,3327,dauty2x@foxnews.com
69,28-8240973,2011,sberrill2y@harvard.edu
11,89-6443431,1978,kvischi2z@ucsd.edu
92,04-0972898,307,glivett30@technorati.com
35,46-8186671,3800,pcowitz31@pcworld.com
8,23-0186992,791,hrickeard32@rediff.com
72,32-8310974,1814,plerner33@twitpic.com
50,63-8371401,1292,ccanas34@surveymonkey.com
96,91-0259327,936,lelijah35@microsoft.com
48,57-1848560,3099,mriddeough36@oaic.gov.au
67,99-4897035,623,bpaik37@etsy.com
25,49-6949661,3529,cgittins38@nationalgeographic.com
39,08-4392602,2297,nbarock39@go.com
33,56-5233205,3696,dthrustle3a@furl.net
26,95-3815056,2078,bphelps3b@sitemeter.com
80,60-5498467,1533,aconnerry3c@sogou.com
6,,1604,gbarbara3d@ft.com
18,70-7774423,2424,bdanton3e@mac.com
13,46-3871743,2853,dradenhurst3f@infoseek.co.jp
47,44-2140216,2545,jplaskitt3g@independent.co.uk
12,93-1159834,2016,lhucquart3h@gov.uk
94,51-2726976,358,temmins3i@shutterfly.com
82,63-2590475,3508,mkissick3j@japanpost.jp
29,55-9499458,1358,dvieyra3k@bandcamp.com
69,75-3289019,2400,zharbor3l@tinyurl.com
8,19-6873473,2499,ncarrabott3m@live.com
77,40-0293446,2587,zsheivels3n@phpbb.com
73,36-0073613,1281,vverrillo3o@wordpress.org
53,53-9521614,3986,sminthorpe3p@yandex.ru
43,12-2297933,1609,bdoyley3q@bandcamp.com
23,34-3315582,1397,mmougeot3r@jigsy.com
82,59-2976077,1204,rgerretsen3s@timesonline.co.uk
90,94-2828396,1943,mbeldom3t@dion.ne.jp
24,02-1102050,3257,ncordsen3u@addtoany.com
42,56-1505536,3082,nmyall3v@1und1.de
38,87-6672005,167,ddight3w@miitbeian.gov.cn
70,99-9945681,2563,vbalser3x@canalblog.com
75,41-2209044,843,ymckevin3y@dmoz.org
27,05-3650385,1891,dboughey3z@behance.net
34,66-9090100,3912,vgronaller40@tamu.edu
4,82-3006284,2403,bolkowicz41@webmd.com
47,53-8323129,3533,lchelnam42@usgs.gov
42,85-9472655,2606,gockendon43@arizona.edu
13,49-0225594,90,gchastel44@discovery.com
74,87-6415779,3966,mhalpeine45@blogspot.com
16,51-4175135,3623,scaven46@blog.com
99,95-6729273,3847,srayworth47@surveymonkey.com
8,83-4387916,277,rbranche48@oracle.com
46,84-2251087,1676,cavard49@salon.com
58,74-1559220,2120,wvousden4a@home.pl
85,93-8748464,486,cgravener4b@meetup.com
41,12-1482102,1731,dcoakley4c@irs.gov
22,22-7125544,820,lfedder4d@umich.edu
81,97-3785829,3539,kmontague4e@buzzfeed.com
60,83-7412141,2755,lbeadman4f@bbb.org
41,06-0126426,1440,jcossor4g@adobe.com
33,69-9387959,3311,athow4h@facebook.com
56,64-9343271,3053,ahouston4i@intel.com
23,40-6110293,3184,ehanning4j@cbsnews.com
23,24-4522572,2191,ahalversen4k@virginia.edu
18,88-9784508,3505,bbrimming4l@hc360.com
78,20-6121599,367,ejeanenet4m@facebook.com
56,91-0119759,1951,gsoanes4n@google.com
57,47-4183025,2518,pcolnet4o@amazon.com
46,92-8293273,3298,eferneyhough4p@youtu.be
81,42-2356508,2247,leam4q@tiny.cc
51,61-8188939,137,tnoddings4r@miibeian.gov.cn
66,57-3496085,1341,gbowick4s@state.tx.us
62,67-5577640,3006,kgeorgeon4t@clickbank.net
59,07-6058090,869,rlongthorne4u@home.pl
13,35-2110798,1885,cbolderstone4v@elpais.com
2,71-7573723,154,wranger4w@hostgator.com
37,46-6337120,1394,mhaffner4x@cnet.com
48,05-9512595,3483,kramsey4y@weibo.com
47,58-9894185,3641,gscrigmour4z@alexa.com
12,68-6363381,3684,mkid50@ycombinator.com
99,20-7405506,1380,fdutchburn51@imdb.com
70,14-7809214,1541,fjulian52@washingtonpost.com
1,90-0495025,3086,rmcconachie53@statcounter.com
76,03-6875503,3755,moiseau54@aboutads.info
22,46-0895486,2591,wmeineking55@github.io
24,51-7734648,2358,ssire56@webs.com
17,84-3075243,1846,heasman57@wordpress.com
46,72-4606121,3394,hledgard58@google.com.au
78,14-7872895,65,brivaland59@csmonitor.com
100,25-3495869,1831,jgriston5a@merriam-webster.com
8,59-6358310,3956,nbircher5b@unesco.org
52,15-7941967,794,dgrouvel5c@go.com
81,99-9396819,273,nginie5d@twitter.com
53,30-9379257,1250,imordaunt5e@cargocollective.com
60,43-0927724,3385,minott5f@google.com.au
66,31-3513143,613,clonghirst5g@seattletimes.com
77,96-8075243,3025,csaggs5h@si.edu
20,11-2335245,391,mlebretondelavieuville5i@psu.edu
48,01-0787846,1526,hglennie5j@bbc.co.uk
10,22-1905728,3354,sruddock5k@sphinn.com
65,28-5967997,3310,dvarnes5l@slideshare.net
39,04-9709088,1913,kdollimore5m@hostgator.com
52,12-5015790,2296,denderle5n@discovery.com
49,14-2087303,2489,moveril5o@etsy.com
73,37-7968011,120,jeldredge5p@storify.com
98,46-1682144,3892,ntunmore5q@typepad.com
57,11-3970123,1909,aduplantier5r@cbslocal.com
56,04-3940040,2161,slemarie5s@taobao.com
72,30-8796579,3125,sgoneau5t@dailymail.co.uk
44,85-5727946,2514,cleighton5u@naver.com
50,89-2706055,3593,tbracey5v@homestead.com
95,88-6239645,220,hsimkins5w@ebay.com
73,98-4363866,2879,cbransdon5x@naver.com
53,81-3308255,111,fbaltrushaitis5y@sphinn.com
5,88-7209169,215,ewigsell5z@wordpress.com
51,21-1306698,3196,ccausnett60@vimeo.com
70,44-6579352,237,rrodge61@un.org
36,06-8235058,3517,sskoyles62@google.cn
55,81-5610709,3271,ccharlewood63@studiopress.com
28,81-2386986,395,tclink64@pinterest.com
68,08-4582174,770,rmcelory65@godaddy.com
47,26-0229798,2476,kturmell66@dot.gov
67,08-4115010,2563,tharper67@geocities.com
37,63-5455243,3974,cpauling68@a8.net
67,09-7776954,1450,ccobby69@icio.us
89,20-4668183,1006,tdelea6a@prlog.org
5,68-3525954,1211,jkop6b@yahoo.co.jp
60,54-9483157,2960,kferrarin6c@amazon.co.jp
51,93-2675830,3149,lwalsh6d@amazon.co.uk
92,61-0596955,2915,etieraney6e@ucsd.edu
10,40-9236764,1643,pmanuaud6f@ustream.tv
18,85-0828168,1030,wnorris6g@hubpages.com
31,64-9448194,1618,emincini6h@illinois.edu
70,66-4334981,1829,bconnor6i@studiopress.com
21,06-4370596,1773,hsongist6j@cbc.ca
63,93-2113545,1872,omaylard6k@timesonline.co.uk
100,79-7612485,3872,pciementini6l@flavors.me
20,91-8304725,1123,edevaux6m@ycombinator.com
16,66-2512015,2585,bproswell6n@usnews.com
48,82-9219500,2092,devers6o@eepurl.com
8,84-3760036,876,kambroix6p@printfriendly.com
91,77-3759343,1211,mbyatt6q@ebay.co.uk
98,63-6743319,870,bpaylie6r@unblog.fr
81,29-1333016,940,sandraud6s@biblegateway.com
37,22-1911057,1913,vcoulling6t@psu.edu
59,77-9452575,857,cseckington6u@sitemeter.com
40,63-1709423,352,ntatteshall6v@statcounter.com
16,41-0162900,3360,edeane6w@webnode.com
82,72-8164997,3681,ejeandon6x@gmpg.org
44,05-9441902,198,wpaaso6y@census.gov
70,10-7050633,2145,cleatt6z@gov.uk
34,50-7520952,1285,rwoollam70@over-blog.com
7,18-4170118,1837,eexelby71@house.gov
61,37-2076993,3197,cadenet72@cloudflare.com
93,69-1664474,1669,kvelte73@usnews.com
62,82-5774053,2808,ethirlwall74@jalbum.net
56,04-1032423,2551,miban75@behance.net
74,79-6145904,1071,emccraw76@mozilla.org
93,25-0573343,346,eguiel77@google.de
85,46-8355705,2905,kjansik78@hubpages.com
100,73-7743530,2952,ltulley79@mysql.com
40,84-9742706,1464,ggansbuhler7a@ihg.com
55,13-7226912,1384,mdelacote7b@cargocollective.com
91,67-0647672,2169,mrubra7c@deviantart.com
72,39-2696977,1246,chunnybun7d@dailymotion.com
13,49-4769403,1057,sdibbs7e@examiner.com
8,42-5851152,1887,prosenbaum7f@wisc.edu
50,33-7529107,867,tshilstone7g@about.com
14,86-1668122,1141,hkarolczyk7h@homestead.com
57,81-2363964,278,amckag7i@hugedomains.com
73,44-6708232,1429,fchatin7j@unc.edu
82,35-7399777,155,lchadburn7k@buzzfeed.com
88,22-5973136,2961,afiddeman7l@odnoklassniki.ru
78,79-1240919,700,rwestpfel7m@senate.gov
12,22-6751467,3071,rpearson7n@sciencedirect.com
31,42-2679778,315,blomis7o@ibm.com
69,98-3948945,536,awickham7p@netlog.com
6,02-0627826,3456,tlipscomb7q@twitpic.com
6,89-2107547,3371,iclewley7r@theglobeandmail.com
13,29-8232062,2072,bbeccera7s@reuters.com
39,85-5779114,1936,alarter7t@mozilla.com
15,12-0826553,3151,bdorset7u@clickbank.net
20,43-3010946,1387,sondricek7v@harvard.edu
3,70-4480925,2347,lburt7w@nytimes.com
48,74-7284225,182,bcherry7x@printfriendly.com
58,94-5760396,2596,alummis7y@dailymail.co.uk
93,20-5614780,1688,dsackur7z@aboutads.info
18,90-8643321,3591,rroaf80@scientificamerican.com
41,34-8272039,773,csimionato81@ezinearticles.com
88,06-5221763,2610,vdybald82@google.com.hk
9,27-8494960,1890,lcootes83@moonfruit.com
34,25-6200527,3159,lbalsdone84@t-online.de
46,16-0184530,1724,acastagnaro85@theglobeandmail.com
73,49-6243533,1805,abattelle86@vistaprint.com
60,68-9146439,1359,hbeville87@gmpg.org
49,66-8320898,3520,aenglishby88@springer.com
57,51-6243184,2313,speabody89@umn.edu
45,24-2758829,764,dwinfred8a@sakura.ne.jp
61,07-5876488,3719,dbarday8b@skyrock.com
2,75-7433039,263,eczapla8c@epa.gov
43,33-4340847,2713,kthorburn8d@usgs.gov
74,44-3565974,200,tgilluley8e@archive.org
4,79-0793818,2998,ewisham8f@reference.com
69,82-7077953,1319,dtremmil8g@accuweather.com
4,81-4329541,1468,lkeedy8h@com.com
90,48-6533866,2540,glammas8i@barnesandnoble.com
94,01-2755259,542,ccorrigan8j@liveinternet.ru
23,77-7443400,910,rminchella8k@accuweather.com
40,66-9678395,3834,bperryn8l@nydailynews.com
98,48-7411563,519,hguinan8m@t-online.de
25,72-7769270,2784,bmerriton8n@squarespace.com
14,65-7995478,3862,amacvain8o@nyu.edu
56,50-0134608,3227,rbonass8p@yelp.com
1,45-4486385,3504,lsowrah8q@vistaprint.com
7,25-9315311,2356,lboreland8r@go.com
7,49-7667008,2380,ezanetti8s@sphinn.com
1,44-0926511,1853,fmesant8t@prlog.org
60,06-6610248,215,raskell8u@4shared.com
69,46-7827188,1073,jwilliamson8v@spotify.com
33,88-3272204,98,cyatman8w@hibu.com
76,73-0980233,3926,mcornes8x@arstechnica.com
83,83-0699169,1022,dscimoni8y@jimdo.com
68,34-1438644,2446,kviggars8z@multiply.com
75,43-8364450,1442,olonder90@vkontakte.ru
66,27-7865804,1076,fmorrieson91@slideshare.net
29,39-0223572,2727,sluttger92@europa.eu
53,01-0732864,2700,efreschini93@clickbank.net
10,,1733,roldridge94@aol.com
84,16-4715550,1303,kblasdale95@house.gov
4,96-6731600,1964,twhittleton96@latimes.com
68,10-1439407,3708,gdennert97@photobucket.com
28,52-8090962,887,slaimable98@tamu.edu
27,43-6252724,304,gyurkiewicz99@webmd.com
46,47-8696904,321,marrington9a@4shared.com
34,59-7886176,1434,jcavy9b@ucsd.edu
40,75-4940037,603,fbouchier9c@tinypic.com
49,11-9395048,3337,sdommerque9d@godaddy.com
88,01-5915330,3469,mmaccraw9e@github.com
42,92-3776369,3637,rgolborn9f@netvibes.com
60,60-4123760,3475,tderle9g@hostgator.com
11,74-4283539,2769,dkittles9h@livejournal.com
94,62-4069798,3640,anorcross9i@boston.com
76,24-5335482,244,ovandervlies9j@house.gov
77,,3324,ktallent9k@sciencedaily.com
38,29-6834017,2503,nlapish9l@live.com
14,75-0412183,696,cpiwell9m@pbs.org
63,42-7501422,1803,drylands9n@i2i.jp
63,20-1051578,1394,bsilbert9o@cbslocal.com
65,78-1500608,3702,obasek9p@ft.com
38,00-6351482,1265,ebuttrey9q@apple.com
86,22-9466062,1538,ltrott9r@t-online.de
21,47-5649506,2717,rwoolstenholmes9s@squidoo.com
78,37-9776808,502,dhousecraft9t@canalblog.com
12,35-6120229,3439,cdryden9u@stanford.edu
32,00-8336338,237,ctofts9v@dropbox.com
31,63-8782059,2500,skalinsky9w@drupal.org
11,09-8537960,722,anewberry9x@wikipedia.org
72,93-9392027,2430,lfishwick9y@biglobe.ne.jp
44,38-6427795,3219,tritmeyer9z@163.com
49,48-2951446,284,iocrottya0@howstuffworks.com
55,37-8014382,3394,fstroulgera1@chicagotribune.com
86,16-5287196,1907,sousbya2@huffingtonpost.com
42,30-1631310,1671,ggreatexa3@xing.com
57,65-7449617,1941,aimisona4@phoca.cz
1,18-0400226,1997,dnapiera5@t-online.de
89,93-1345101,2400,pharsnipea6@t.co
94,71-5662879,2938,osoutena7@time.com
28,29-4747592,801,hyurkiewicza8@wsj.com
18,05-8716907,3412,amccuskera9@engadget.com
16,86-7560476,1692,falbertsonaa@csmonitor.com
51,20-9057186,3969,aheinemannab@macromedia.com
20,42-8907791,315,rpichmannac@51.la
63,26-8924252,2796,ocarnallad@digg.com
14,79-5304139,273,fmackrellae@slashdot.org
45,29-3183499,2190,hleadstonaf@chicagotribune.com
25,42-4151214,3668,dnenciag@sciencedirect.com
7,88-2473727,2680,lcasineah@patch.com
50,60-9026709,981,fcominiai@icq.com
98,35-1168742,3277,volliffeaj@bravesites.com
38,07-7729550,3701,ahalliboneak@unicef.org
80,53-6324978,3853,mschimkeal@ucsd.edu
32,35-4927927,552,lsearightam@unicef.org
46,50-0733366,807,lspawtonan@redcross.org
42,75-0236705,2988,nduplanao@dyndns.org
7,78-0986287,1826,speizerap@w3.org
42,94-3237465,2797,atrowellaq@51.la
45,04-8629473,2208,bcuttlear@hostgator.com
66,24-2170919,2043,wvenableas@admin.ch
60,35-6412616,2041,bthaxtonat@uol.com.br
18,15-7402049,3612,dmoremanau@bandcamp.com
65,53-2080122,2045,bhatchettav@nationalgeographic.com
89,63-6192495,3792,sdallowaw@irs.gov
10,45-8155262,289,dgarmansax@answers.com
78,51-2536776,3009,alindenay@oaic.gov.au
73,34-7521206,3718,klibbisaz@yahoo.co.jp
65,11-3106643,535,saspellb0@mapy.cz
27,82-0850044,899,mgianolob1@purevolume.com
50,20-0832515,1800,qseersb2@parallels.com
61,02-8777448,818,korrb3@storify.com
27,20-7729837,620,fwerendellb4@nsw.gov.au
84,59-9362860,2272,kandreiab5@dagondesign.com
49,07-9713869,3629,tdobieb6@youku.com
42,11-7570926,2768,tmaylerb7@mtv.com
69,14-2650715,3854,rcreaghb8@hostgator.com
86,21-3052427,3107,cdignamb9@github.io
75,41-2606665,1094,fpetruskaba@networksolutions.com
49,04-0634481,376,dyeardsleybb@ed.gov
62,35-1974396,3918,gbrocklebankbc@toplist.cz
79,33-3858816,3054,astrangewaybd@themeforest.net
33,27-2749097,105,ttulkbe@cnn.com
39,71-8337341,2677,dbickerdikebf@flavors.me
21,99-7679883,1428,rrannsbg@nps.gov
76,84-9112383,1838,hdresselbh@samsung.com
38,75-8290105,514,tbuxeybi@dyndns.org
65,56-9955509,3311,cheidenbj@upenn.edu
39,91-0987912,3696,ipenabk@ftc.gov
50,51-4418235,3503,acoultousbl@arizona.edu
50,16-0861951,1231,mduplockbm@symantec.com
67,85-4232823,2356,bsemarkbn@quantcast.com
14,45-9610411,2122,pjentlebo@census.gov
23,96-5895066,3876,cgernerbp@prnewswire.com
78,17-2881921,2946,hanthonabq@ucoz.ru
5,05-5307594,2387,mpiotrbr@opensource.org
68,42-6709243,1872,dkubackibs@instagram.com
63,18-5515046,988,gdonkebt@purevolume.com
14,03-0398732,2627,ayankovbu@goo.gl
39,63-7869416,1577,fbumfreybv@rediff.com
61,58-2361757,1181,dmancellbw@canalblog.com
87,88-2776220,2440,jbewickebx@time.com
66,35-8959362,3296,kdaymontby@aboutads.info
98,92-8536524,1227,cskeemorbz@epa.gov
33,92-8283493,3157,mschooleyc0@facebook.com
40,94-7025309,1565,cleybandc1@unc.edu
29,87-1524310,898,hlenehamc2@51.la
11,07-0513764,289,kbattyc3@addtoany.com
18,70-9557679,1935,marnauc4@gmpg.org
24,56-2538209,1212,pmcgettrickc5@taobao.com
10,59-1225380,2464,gglaisnerc6@canalblog.com
12,77-8969935,1678,tgellc7@va.gov
79,28-1074495,3558,kuphamc8@google.pl
68,98-8312687,1587,wseivwrightc9@ocn.ne.jp
60,83-0576737,2951,fbesnardeauca@indiatimes.com
32,64-2887913,1167,garchbouldcb@free.fr
50,22-2019746,3154,wbentzcc@shareasale.com
59,41-5640927,3388,mstrippelcd@va.gov
47,14-0383891,3814,lpollicotece@flavors.me
44,12-3608157,172,lambrogellicf@xinhuanet.com
30,70-9194479,190,gricardcg@istockphoto.com
23,09-7754145,2288,mbeenhamch@odnoklassniki.ru
14,36-4649035,3300,jcheeneyci@archive.org
99,26-6853242,2328,fmarchingtoncj@wunderground.com
88,25-9160303,2543,dtriggleck@archive.org
91,48-9002032,1566,hpayncl@cafepress.com
51,37-6641205,2498,ddeclerkcm@intel.com
19,00-9031903,2820,bgoosnellcn@indiegogo.com
95,86-0407854,2942,cadderleyco@wunderground.com
38,33-9240782,262,delsdoncp@ameblo.jp
71,56-7679252,3855,maggottcq@usgs.gov
26,61-2010295,809,bpruvostcr@technorati.com
30,47-3769937,1347,abrewoodcs@fc2.com
59,92-0603852,2992,sfeatherstonhaughct@facebook.com
36,30-1255023,2149,higounetcu@behance.net
19,52-6659225,2735,lbolmanncv@guardian.co.uk
78,40-7932965,2493,asimeoncw@paypal.com
20,83-3170750,3649,emcmennumcx@twitter.com
67,18-8696663,730,sjeannessoncy@cnn.com
59,44-3004767,2445,ebrownscombecz@live.com
77,90-8490105,1002,abonnelld0@upenn.edu
49,96-5421544,2092,klewsond1@wix.com
21,71-2050315,566,bmccomed2@slashdot.org
58,78-1537402,1836,chebbardd3@dailymotion.com
14,56-4528817,2041,bmarleyd4@about.me
70,09-2536575,518,lcressard5@posterous.com
69,73-1880441,294,fcordovad6@deviantart.com
79,47-8078270,3946,rdeenyd7@alexa.com
98,02-4211353,3253,vhastewelld8@about.com
16,00-6411169,2828,dstefid9@bravesites.com
53,85-4645537,1298,heversleyda@instagram.com
83,44-5814496,3561,bliveleydb@usgs.gov
44,26-0532033,992,otafanidc@elegantthemes.com
77,93-7300298,3723,mearpedd@stumbleupon.com
57,94-3571513,2393,farnoudde@elegantthemes.com
4,51-5022096,1422,smowburydf@wikimedia.org
9,95-1809749,3412,chaggishdg@smh.com.au
41,34-9070128,2798,bmccrumdh@51.la
63,55-9524582,2200,kcheleydi@engadget.com
78,75-2966286,3481,zfateleydj@comsenz.com
21,15-2171064,1319,gagronskidk@unc.edu
58,74-5217902,3600,bdegiovannidl@chicagotribune.com
33,63-6646268,3798,llehuquetdm@etsy.com
19,44-1827440,615,wgealldn@slideshare.net
2,98-1863223,3944,osimmondo@shinystat.com
62,51-4930709,114,vantonovicdp@jigsy.com
84,18-6285267,2209,nllewellyndq@jalbum.net
50,29-3326072,2130,ggetshamdr@bravesites.com
53,61-5291880,3288,gpeotzds@tripadvisor.com
53,15-0664174,926,glarmuthdt@cocolog-nifty.com
40,07-1733261,453,imacgettigendu@unc.edu
27,87-6060522,3256,atuckettdv@bing.com
60,51-6678826,1644,mcoltdw@geocities.com
23,84-6711163,1405,smancktelowdx@opensource.org
3,86-6948011,477,nrignolddy@twitpic.com
68,91-6337930,3296,hhuscroftdz@reddit.com
97,22-8148075,1399,nayline0@weather.com
73,22-7243601,3505,jtebbothe1@usda.gov
23,73-9363659,1246,proglieroe2@nationalgeographic.com
67,53-0029153,3669,ipalmere3@cnbc.com
3,73-6865349,2336,sallinsone4@naver.com
66,59-3586198,3928,egrogore5@domainmarket.com
16,78-6105189,1182,nshambrookee6@newyorker.com
27,18-4929614,3572,zhanshawe7@angelfire.com
84,13-7594742,1758,mgiordanoe8@studiopress.com
74,14-7588969,3494,jbeebise9@nymag.com
47,50-8819578,1052,dwintertonea@alibaba.com
26,26-9044831,3922,vsparshotteb@auda.org.au
30,40-9836213,1331,ckamenec@google.es
70,51-4599344,3377,rbrocktoned@telegraph.co.uk
31,68-1938313,2676,awelburnee@cafepress.com
93,90-2891822,3247,fsidwickef@cdc.gov
62,79-9160465,1425,mpechteg@flickr.com
13,91-7244710,2824,rashalleh@forbes.com
8,79-7557603,2429,amatzelei@disqus.com
75,61-0771383,1364,lbyngej@toplist.cz
3,24-4520321,3753,awhelanek@soup.io
6,59-5534899,3732,crosendallel@sciencedirect.com
90,06-6205903,271,khartshornem@hc360.com
24,55-9940941,3795,mjeanesen@hhs.gov
100,93-9150950,3130,rpallisereo@youtu.be
44,56-2021898,826,avegasep@mail.ru
45,06-6995394,1700,rcrookshankeq@studiopress.com
63,66-6588279,236,bbeaumonter@sfgate.com
50,25-3855712,317,nglanvilles@nih.gov
84,80-9882277,361,rwoodgateet@nymag.com
58,77-3597085,702,owhittockeu@joomla.org
20,06-6665158,492,igirdwoodev@privacy.gov.au
42,46-2107318,2755,mdenhamew@livejournal.com
63,93-8810080,1957,dcasaex@gravatar.com
87,94-1071911,3089,cdillestoneey@fc2.com
81,74-9917462,3334,pmartinekez@shop-pro.jp
72,57-4976198,1509,bogdenf0@wikia.com
3,89-5973182,2979,mogelsbyf1@economist.com
64,64-8982563,2477,nwrightsonf2@mediafire.com
95,64-5689914,2623,rfarfalameevf3@com.com
23,44-4398159,2576,tgriswaitef4@fda.gov
16,,1182,ccomellof5@icq.com
78,75-4972936,1339,wbewleyf6@jugem.jp
90,73-8381000,2322,simortsf7@ycombinator.com
28,38-8874179,1289,nmossomf8@yelp.com
79,43-8639115,2347,glamberteschif9@moonfruit.com
67,09-3402628,997,dingletonfa@nhs.uk
56,18-3268313,2106,rchasenfb@msn.com
27,32-9683162,2478,jlonderfc@liveinternet.ru
34,85-4596922,1245,tgalbraethfd@engadget.com
15,44-6232505,544,gachromovfe@cyberchimps.com
25,08-7627735,1977,ldefontff@surveymonkey.com
72,92-1817645,1386,ntosneyfg@tiny.cc
36,54-9530192,1769,jcalbertfh@abc.net.au
17,47-2797454,2122,mellcockfi@lycos.com
77,65-4167294,41,oneilfj@apache.org
23,13-2634883,302,bblunsomfk@tumblr.com
38,17-6491124,2844,afridlingtonfl@discovery.com
45,40-5127082,3701,ieadyfm@microsoft.com
87,36-6190705,3097,wvarrowfn@un.org
78,81-1310673,227,hredihoughfo@trellian.com
72,36-7106668,455,dgaughanfp@google.de
67,08-8845872,874,rleedsfq@feedburner.com
36,75-3347165,3970,llittledykefr@opensource.org
60,18-1325014,1213,rriolfifs@cloudflare.com
2,86-0684754,3661,dbandieraft@oakley.com
100,02-4536644,1160,atristramfu@unesco.org
96,73-4431443,3298,tstummeyerfv@engadget.com
76,29-1800241,2484,acheerfw@networkadvertising.org
22,52-8334481,3632,treburnfx@cnn.com
10,02-5427722,932,ndavauxfy@photobucket.com
53,04-4370956,2306,ocruttendenfz@businessinsider.com
89,66-0573040,3313,fmainsong0@mapy.cz
65,76-3788573,1977,dmattaserg1@bloglovin.com
96,51-4223499,3978,nwerndleyg2@ftc.gov
14,00-8190274,2615,ckemmg3@desdev.cn
26,60-5607203,2712,srowesg4@abc.net.au
1,61-6811324,1194,gferberg5@blinklist.com
56,53-1405847,2746,mgilburtg6@instagram.com
92,91-2420894,3461,nrallinshawg7@gizmodo.com
43,54-6526032,3117,cbradnickg8@clickbank.net
91,03-6578146,1895,tgascardg9@free.fr
59,99-9177149,3774,dpadkinga@netvibes.com
69,05-2380408,3352,lsommerlinggb@cnbc.com
75,20-2148472,2176,bdarrellgc@liveinternet.ru
97,55-7002578,1670,eduddridgegd@friendfeed.com
88,82-6656666,3447,lettridgege@clickbank.net
48,83-8377849,1935,agivesgf@csmonitor.com
57,90-0901184,865,nroseboroughgg@indiegogo.com
67,30-7319342,122,wfawcknergh@independent.co.uk
6,18-4657693,1779,pspringallgi@java.com
23,81-6651964,1128,pboshardgj@usgs.gov
49,26-4243462,1704,vschubbertgk@bloomberg.com
95,56-9676538,3418,lrushbygl@elpais.com
52,34-9642334,1158,jfidelusgm@washington.edu
12,64-6063685,3866,harygn@ebay.co.uk
56,19-2161613,1740,egilleygo@businessweek.com
68,57-5286403,2492,cgosselingp@hao123.com
62,37-7643756,3905,rbrodeaugq@histats.com
21,86-6352758,2192,mvanderbruggr@zimbio.com
95,00-3155074,1399,vjacobovitzgs@cisco.com
49,36-9595914,3519,kbuntongt@blogtalkradio.com
38,78-6272917,1291,ggolagleygu@tinypic.com
51,46-9029156,509,glynchgv@nifty.com
72,28-2231616,3219,jwigleygw@samsung.com
17,98-1233335,3375,ktansleygx@yale.edu
46,50-8454566,1776,rantoneygy@time.com
12,86-0721951,1222,dallonbygz@huffingtonpost.com
100,94-2435261,2426,ssheltonh0@dot.gov
49,71-8124643,413,fshowlerh1@hao123.com
42,85-2262369,1476,nlaymanh2@opensource.org
80,26-3282230,1441,ahaslockeh3@sohu.com
57,16-8271480,1747,hknokh4@wix.com
72,75-3994362,1547,esellh5@buzzfeed.com
99,95-9902083,331,eballingerh6@lycos.com
23,02-1772397,991,beddowesh7@sun.com
78,55-8737029,3224,krossonih8@arizona.edu
15,84-6850257,565,sbettlestoneh9@narod.ru
78,27-1922491,2420,jjannexha@pbs.org
37,61-2396455,342,ibestehb@w3.org
33,66-3899072,1841,mglassardhc@histats.com
6,34-3225010,2375,rfelsteadhd@gmpg.org
71,11-1054988,2821,hhassellhe@xrea.com
75,14-5454161,1374,gbolandhf@themeforest.net
2,16-8939914,548,ljanewhg@wordpress.com
40,26-7751796,1749,dgilardonehh@creativecommons.org
93,48-9065948,210,cgarrowhi@walmart.com
77,70-4521392,286,azemlerhj@shutterfly.com
32,40-0665905,2901,robreenhk@skyrock.com
73,89-6024164,2564,awarlowehl@pagesperso-orange.fr
21,71-9402749,2263,igontierhm@sbwire.com
2,47-6419363,159,dcrossdalehn@unc.edu
85,45-1374319,3035,dduthieho@wikimedia.org
97,35-1820695,285,apatmorehp@sakura.ne.jp
86,00-4725175,67,nhadgrafthq@paginegialle.it
64,53-5203485,1167,dlaytonhr@yelp.com
53,96-7021450,2471,nespadatehs@google.es
100,83-7509300,3935,btomeoht@goodreads.com
14,41-7452481,476,cjosefsenhu@ebay.co.uk
35,71-9745340,2960,bblaiklockhv@storify.com
58,76-0850753,3401,cmorbyhw@cbsnews.com
86,35-2727586,3397,mmottenhx@usatoday.com
1,18-3086260,934,cpavetthy@nasa.gov
36,59-7115270,174,jwhittyhz@soup.io
42,22-4296010,1876,fbanishevitzi0@github.com
22,91-8523523,3449,fboshelli1@cargocollective.com
72,,1231,nscrannagei2@sun.com
60,84-8506000,2867,hpoleyei3@friendfeed.com
84,80-4140155,3029,kcatori4@sourceforge.net
10,97-2708364,3570,galexanderi5@freewebs.com
44,60-1816685,2751,mnockallsi6@freewebs.com
38,23-5289352,367,lgoldstonei7@meetup.com
66,86-9814876,1156,bhaddocki8@cornell.edu
5,05-6363950,730,kspurgeoni9@sitemeter.com
58,84-7237627,3933,hswanstonia@columbia.edu
46,12-3665304,1864,dkohnemannib@ezinearticles.com
13,77-5264398,3921,rmogenotic@sina.com.cn
71,46-3257424,161,dcharkid@loc.gov
74,18-9999335,3834,lginnalyie@buzzfeed.com
5,19-3294914,1113,wkobieraif@furl.net
26,07-3118320,1536,bkemsterig@scientificamerican.com
74,79-8655525,3855,gferraresiih@europa.eu
27,78-8847079,335,pettyii@yahoo.com
85,88-1938501,1907,ranthiftleij@wikipedia.org
11,13-3663364,2854,ysandercockik@360.cn
8,14-9087170,2470,gvalentineil@blogspot.com
10,52-3140493,2138,vnussiiim@purevolume.com
35,83-3830753,2304,ebarnacloughin@dot.gov
40,14-9209773,2798,alodekeio@buzzfeed.com
29,42-7821605,1864,yverrilloip@live.com
69,73-7408290,794,dbayfieldiq@stumbleupon.com
80,39-4279891,3249,bportalir@mac.com
44,62-2462401,3700,hadriaensis@cocolog-nifty.com
14,98-7222858,2635,fdevereit@usnews.com
28,51-3169256,595,tarneyiu@printfriendly.com
50,61-8596109,1190,eecclestoneiv@patch.com
14,42-0501653,2775,dsnasdelliw@businesswire.com
78,77-2912512,3020,caberdalgyix@sina.com.cn
30,32-0618862,3790,tbuschiy@tinyurl.com
30,42-6110788,3862,hscopyniz@huffingtonpost.com
94,01-1171598,2881,rayrtonj0@comcast.net
22,54-5767084,1702,mburthomj1@mediafire.com
71,04-2494430,1890,grawj2@wired.com
23,,2551,tchannerj3@mysql.com
76,55-8733614,1292,chillamj4@pinterest.com
22,06-2487284,3644,ralbanj5@vimeo.com
78,11-2379479,2423,esherredj6@tuttocitta.it
6,29-1054950,3143,mcaberaj7@histats.com
29,55-8237930,1644,kcalverdj8@chronoengine.com
83,75-7148848,2475,mpietruschkaj9@wsj.com
50,39-9382457,854,bcristoferija@soup.io
58,64-9356566,2533,mshuryjb@businessweek.com
91,32-5377594,740,bandreujc@house.gov
22,44-6363647,2503,deirwinjd@ihg.com
93,94-1603174,3341,jmeiningerje@topsy.com
89,73-6867957,777,bbarrablejf@springer.com
50,04-3526744,3056,chuthartjg@constantcontact.com
46,69-2932992,929,arameletjh@jalbum.net
28,78-0191875,133,rbartolicji@scribd.com
33,57-6353470,361,dschelligjj@elegantthemes.com
29,59-3080929,3288,dmanterfieldjk@sciencedirect.com
84,10-6062589,1345,smooringjl@jalbum.net
87,61-3846087,3751,gdugalljm@studiopress.com
15,20-5249421,821,bnoweakjn@mashable.com
41,64-1193195,1930,lnialsjo@youtu.be
79,01-4776650,577,mpersehousejp@soundcloud.com
93,44-4501993,2057,lgrubbejq@gmpg.org
53,20-1765836,1609,wpopplestonejr@ox.ac.uk
95,75-4902635,2358,kjaniakjs@ca.gov
69,95-8458836,2543,shearstjt@storify.com
3,20-6431292,1930,lhazeupju@trellian.com
16,40-0367873,3314,crenvoisejv@accuweather.com
16,90-1883239,1742,bedmondsonjw@squidoo.com
47,05-6225180,648,dbanbridgejx@goo.ne.jp
74,84-6410721,3632,nremingtonjy@ask.com
4,76-5952074,3151,bkiesseljz@over-blog.com
78,98-5811239,1002,gcajklerk0@bravesites.com
13,48-6003075,2529,dvereyk1@naver.com
2,27-1541565,929,wrennardk2@hostgator.com
4,22-9111363,2473,gcalveleyk3@photobucket.com
30,24-9452943,2360,espoorsk4@europa.eu
89,06-1943432,953,cleasek5@dropbox.com
50,47-8956608,1476,hlylek6@pagesperso-orange.fr
73,67-3734372,2243,mmcsparrank7@hud.gov
59,59-1809691,423,tplumbleyk8@cdbaby.com
6,73-5507655,750,tosbandk9@businesswire.com
90,33-3151343,473,dbranfordka@canalblog.com
4,93-1290732,3779,hlondingkb@typepad.com
69,18-0055161,3822,bcrookstonkc@youku.com
83,00-1810227,3002,rbrockkd@blinklist.com
71,02-7811677,2557,tbisphamke@sourceforge.net
42,11-2962626,1543,ebauldkf@ustream.tv
52,97-7764944,2261,pseamenkg@godaddy.com
6,74-6108383,3831,nochiltreekh@g.co
91,87-5738515,245,aalmeyki@com.com
93,10-2187323,511,dneillykj@theglobeandmail.com
56,99-9335857,2137,bmcgrealkk@livejournal.com
60,39-3809948,3395,qmartekl@stanford.edu
7,54-0829799,1154,hstorrekm@infoseek.co.jp
82,97-5847701,3759,gvedeneevkn@elegantthemes.com
81,58-3738762,573,rmaxstedko@yellowpages.com
47,82-8736596,530,vcozinskp@nhs.uk
15,11-5388585,3221,hvollerkq@biglobe.ne.jp
80,95-5279934,3055,mjenninskr@prweb.com
44,85-2911994,2944,hmoaklerks@irs.gov
83,91-6908177,1346,eblondenkt@who.int
66,23-7602977,1836,acleareku@mit.edu
89,74-4881973,1975,mmcilvoraykv@state.gov
30,94-5051068,2748,lbricklebankkw@moonfruit.com
37,16-2294538,386,lbraamkx@theatlantic.com
32,11-3918069,1824,cschimonky@behance.net
92,19-4834101,916,dfilewoodkz@huffingtonpost.com
49,81-4495697,1397,ccoupmanl0@ifeng.com
55,80-8389234,2396,hmackombl1@people.com.cn
29,60-3036081,2503,lbristol2@php.net
4,62-8606689,1512,gcampionel3@umich.edu
19,20-2585433,2768,vsyddonl4@rakuten.co.jp
14,15-9152397,689,colennikovl5@businesswire.com
1,12-3850982,656,tgoodbournl6@europa.eu
80,11-6656693,2603,sworleyl7@phpbb.com
22,49-9132823,936,amintriml8@bravesites.com
6,62-7493874,2210,abruinsl9@boston.com
29,41-9909634,2630,spetrashkovla@businessweek.com
50,34-5483926,65,asnowlinglb@wikispaces.com
54,98-0426881,2241,ktetleylc@deliciousdays.com
41,60-7461515,824,spedycanld@hhs.gov
87,07-7033861,3078,nbottomerle@senate.gov
55,05-3050908,2819,cinseallf@creativecommons.org
23,14-7239792,54,dmeaghlg@buzzfeed.com
25,93-6041252,1689,snewberylh@vkontakte.ru
7,10-4388640,3981,llongriggli@cpanel.net
94,67-7035344,592,jgwilymlj@ucoz.ru
70,88-3878847,3587,pandrezlk@mac.com
29,99-9509695,2424,sgreethamll@xrea.com
96,35-0714272,3500,agauldlm@jalbum.net
95,78-0057558,553,bkerswillln@yahoo.com
92,84-6792246,1545,nbeeselo@blogs.com
25,98-1373251,1586,dcamblelp@dropbox.com
19,14-2906798,228,sbowelq@jugem.jp
12,91-4735033,3549,aruddylr@nps.gov
76,15-6163639,2682,mjurgensenls@etsy.com
46,60-2338870,2757,cperolt@oakley.com
85,86-3734801,2034,mjakeslu@marriott.com
71,30-6022716,1397,rmalzardlv@slashdot.org
3,48-3327001,2961,gpykelw@nytimes.com
72,78-5338461,166,bmacrinnlx@sogou.com
98,02-2825464,728,mneliusly@godaddy.com
58,23-3148076,1531,gmcsheelz@goo.ne.jp
86,79-9211766,2100,crodrigm0@java.com
33,90-1538103,529,wgilleanm1@de.vu
48,51-4566464,1545,dteasellm2@tamu.edu
7,27-4757913,1281,amccolmm3@vinaora.com
53,08-8385121,3072,sbladesmithm4@npr.org
18,92-8843442,2269,mkilkennym5@howstuffworks.com
7,48-5792006,1790,lpennerm6@squidoo.com
13,12-9443781,3397,rglackenm7@dot.gov
98,00-5818652,2725,agelletlym8@oracle.com
44,92-4812149,769,acarrierm9@ox.ac.uk
50,42-5066770,3870,adoblinma@comsenz.com
29,52-5672770,487,cbattingmb@miitbeian.gov.cn
43,61-0615152,1555,adoolermc@friendfeed.com
64,38-5863988,3521,dlimbrickmd@newsvine.com
7,20-7332856,3061,alucienme@fda.gov
26,05-8400081,3257,osellorsmf@fc2.com
20,76-9666785,1373,wgaleymg@constantcontact.com
30,11-7595625,2023,plangleymh@bluehost.com
59,00-1373955,2400,mshortemi@addtoany.com
66,48-5667739,2571,ekunertmj@tinyurl.com
17,23-7990275,1056,pjochensmk@blinklist.com
42,38-7473466,2502,rbourgaizeml@cnbc.com
41,46-0207907,2027,snundmm@prlog.org
80,63-9538101,1858,hbissmn@indiatimes.com
20,73-3620050,1747,jovittsmo@seattletimes.com
57,40-6284491,1801,skynforthmp@businesswire.com
39,47-8635158,1251,hkingcotemq@a8.net
28,95-2048151,1130,cjachimczakmr@dagondesign.com
77,15-5193240,3329,rtarbattms@hao123.com
1,26-1647935,2920,csavorymt@scientificamerican.com
61,01-0237326,2279,nspawtonmu@dagondesign.com
14,51-7072575,213,agyrgorwicxmv@sciencedaily.com
11,24-1636595,2770,sgodbaldmw@ustream.tv
98,47-7172739,1703,lgrigolashvillmx@msn.com
93,98-7999586,2526,parnemy@vkontakte.ru
38,97-4253868,981,sdearingmz@marriott.com
1,83-4423005,2624,amichen0@google.co.uk
9,83-6408179,3294,acordeuxn1@multiply.com
93,15-9711483,1373,rhubnern2@taobao.com
40,84-7120363,3594,kgiorgiuttin3@nifty.com
21,46-3293366,3645,rbortolazzin4@pagesperso-orange.fr
49,39-1299101,409,sdonsonn5@mapy.cz
21,44-2278109,3622,cscarboroughn6@tripadvisor.com
90,64-5065207,2749,rladbrookn7@lulu.com
87,62-3346295,2500,fwadmann8@edublogs.org
75,86-3490742,2136,tmacvaughn9@seattletimes.com
13,71-7972372,2035,tsapsonna@statcounter.com
26,54-1516362,1577,ibriscamnb@pinterest.com
65,23-7823167,2245,mgobellnc@hp.com
86,38-8891110,2101,esudrannd@wsj.com
65,25-3104375,949,lschiellne@mozilla.org
82,00-5107768,2366,gurvoynf@latimes.com
77,68-3652021,3607,cclaitonng@networksolutions.com
14,53-7131360,3445,clambardnh@va.gov
63,35-6176630,1652,mjorini@barnesandnoble.com
25,79-2898025,1256,gmillisnj@pen.io
98,09-3439654,3907,dklusnk@nymag.com
48,57-3677687,1109,lalvaradonl@issuu.com
76,42-1989364,712,ehorsleynm@qq.com
92,93-1596166,1420,wbuchamnn@state.tx.us
97,84-8313812,3035,aroughno@youtu.be
72,45-2503381,2275,nbatistenp@usatoday.com
89,53-4448424,2039,scrampinnq@cam.ac.uk
54,61-6924228,1522,swinsborrownr@ucla.edu
15,91-4481993,3049,mpietrowskins@wikimedia.org
61,86-5519844,2856,rwillgoosent@yellowbook.com
49,71-2542234,2078,rgrishuninnu@admin.ch
52,07-7844472,3576,ksimnv@salon.com
45,74-3013272,1788,kcanceliernw@storify.com
52,27-9961745,3688,gsiderynx@webs.com
35,24-1293588,1208,ftysonny@japanpost.jp
87,99-0462095,1329,gparbrooknz@ustream.tv
11,00-0264691,1892,rgarfito0@sciencedirect.com
20,23-6073847,1447,vchadwycko1@bbb.org
68,22-3964669,1380,wtumininio2@blog.com
90,31-1166816,3202,cclemmenso3@wikimedia.org
98,07-2082747,536,kjosskowitzo4@techcrunch.com
25,47-1003397,1743,skezoureco5@smh.com.au
31,90-4638024,3118,ematyugino6@businessinsider.com
44,77-1359863,219,jducketo7@eepurl.com
44,55-0217646,1291,lsavineo8@soundcloud.com
39,74-2992097,2084,jfabero9@psu.edu
65,34-6294115,3461,fleweroa@facebook.com
51,93-7890599,973,emoodieob@fotki.com
85,02-3730418,1453,dbeatonoc@surveymonkey.com
77,16-8940760,3336,cjoynerod@blogger.com
29,21-9539716,218,rperetoe@gmpg.org
77,77-8153315,1223,dvanderkruijsof@google.fr
4,61-9302114,2773,bponsfordog@ca.gov
76,10-5348854,2626,jforceoh@biblegateway.com
32,26-3046984,1908,cratteryoi@lycos.com
11,55-7347546,702,lvasilyevoj@ebay.co.uk
22,88-6560792,812,svogelerok@yandex.ru
30,11-9268756,1489,ksarahol@twitpic.com
45,44-7904128,2172,zhaggerstonom@cmu.edu
28,29-7599387,1178,cbrammallon@ca.gov
2,15-3016951,2966,bsivernsoo@twitpic.com
16,77-9944443,3874,fwhathamop@themeforest.net
9,96-7678719,2948,ksalesoq@so-net.ne.jp
100,51-1160359,1504,dmcneillieor@unblog.fr
79,32-1982709,3211,smeieros@over-blog.com
76,00-6384418,3830,npapenot@amazon.de
56,49-0026742,1653,fmccritichieou@vkontakte.ru
83,96-3318661,3862,taugustusov@gmpg.org
87,59-1258741,2410,mbeecraftow@pinterest.com
59,59-2498420,661,hvasseox@arstechnica.com
50,64-8505963,3758,ifaustianoy@moonfruit.com
25,28-0944707,2458,gcolvilleoz@miitbeian.gov.cn
67,03-4711277,3333,yehratp0@accuweather.com
70,38-4273941,3246,ocorterp1@ow.ly
83,89-3471035,2799,ycorainip2@nhs.uk
42,08-4858935,873,bbalkep3@macromedia.com
41,74-3754277,2781,cbrodbinp4@tinyurl.com
37,05-1997863,3046,gpurtellp5@cargocollective.com
44,79-7857169,941,tcarelessp6@mail.ru
29,74-7068384,1702,glambkinp7@example.com
69,56-5444509,2971,ghenrotp8@youtu.be
74,07-0917362,3014,bbercherp9@imageshack.us
3,30-9231666,2548,cmangeotpa@si.edu
44,14-1205211,2886,dbesseypb@aol.com
15,60-3365156,374,wlangthornepc@dmoz.org
89,63-7518086,2303,jhoverpd@meetup.com
81,37-5091512,3405,gtallboype@feedburner.com
40,47-6423176,3145,rmonktonpf@constantcontact.com
63,94-2650972,2057,gfynnpg@sciencedaily.com
1,63-2486323,407,mbarochph@thetimes.co.uk
50,34-0833411,3284,vjahnelpi@indiegogo.com
83,85-6527938,3382,tmanserpj@drupal.org
94,04-4483384,185,gdesbrowpk@telegraph.co.uk
32,82-2072777,3897,bgerritsmapl@pagesperso-orange.fr
75,70-0182735,3670,askittrealpm@csmonitor.com
54,04-6367902,3510,tsackurpn@artisteer.com
69,34-1475280,1242,rrizonpo@springer.com
50,35-2077664,2119,fespinosapp@dmoz.org
86,50-5678690,738,gcathrallpq@naver.com
9,01-6050362,66,mshepleypr@topsy.com
34,30-9579132,898,rswynfenps@instagram.com
30,40-5322218,1162,wwalburnpt@guardian.co.uk
5,95-5793847,97,saxelbeypu@omniture.com
58,12-0824954,3167,spickoverpv@upenn.edu
65,28-8133928,2073,dewencepw@hugedomains.com
60,29-2542184,428,pelgeepx@google.com
96,59-0948838,2048,asilverspy@taobao.com
30,04-9658261,2907,kgillimghampz@google.co.uk
28,75-5030862,2856,msterlingq0@blogs.com
88,24-2890510,2045,mmartynq1@goo.ne.jp
75,02-2196573,3950,ddiableq2@canalblog.com
69,53-8101957,2500,mbaxsterq3@cdbaby.com
33,51-0450978,1091,jcollisonq4@weibo.com
79,34-2766234,1412,rkystonq5@hubpages.com
90,28-5148149,1026,jgouinlockq6@hexun.com
59,81-0502403,1116,ksextenq7@timesonline.co.uk
36,50-0985047,987,hlehrq8@slashdot.org
8,05-2028232,2289,kdemarchiq9@icio.us
59,95-0294131,1742,saulettaqa@cmu.edu
31,73-1455280,3949,escoonqb@apache.org
44,33-5297790,2708,oallchornqc@livejournal.com
18,62-9176733,1790,rworsnipqd@dedecms.com
33,40-2001760,2947,kphilippaultqe@moonfruit.com
6,88-0098953,2232,preinbeckqf@cornell.edu
15,75-5773891,3444,pmcgrathqg@fastcompany.com
86,17-8139764,3401,akopmannqh@ca.gov
37,06-0844141,2162,smaypowderqi@github.io
6,82-1616840,155,ogascoyenqj@histats.com
79,64-1371672,3116,wbodiamqk@hhs.gov
8,99-0416244,1653,zmylanql@surveymonkey.com
20,13-6522597,177,smeelandqm@wikispaces.com
75,11-6185142,1616,kwormellqn@latimes.com
46,37-4701353,2725,lgerauldqo@rediff.com
68,30-2797459,3967,menionqp@baidu.com
37,80-5498739,3131,hhayleqq@phpbb.com
32,12-2349623,689,dhazardqr@spotify.com
15,86-5582890,1241,ecaroqs@netscape.com
31,00-1818952,768,lszanthoqt@mapquest.com
14,06-3518007,3421,vramqu@bloomberg.com
5,00-3932249,3929,bprahlqv@kickstarter.com
94,10-1456610,3514,mrosenbuschqw@pagesperso-orange.fr
17,73-0178071,175,cgoreqx@phoca.cz
11,50-0268377,3895,cbaignardqy@people.com.cn
27,33-6617956,3902,blangloisqz@ucoz.ru
55,69-1225338,3484,ksherr0@tiny.cc
84,73-9431795,2969,hsilmanr1@census.gov
56,56-0159837,3484,bjothamr2@mit.edu
4,18-9158664,3463,fthewysr3@cdbaby.com
10,46-5725876,1586,mknibleyr4@bloglovin.com
51,69-6148795,2916,aofenerr5@go.com
91,37-5987343,458,mwoodingr6@ehow.com
80,37-4194718,179,dscothornr7@dyndns.org
84,52-6455928,3035,lmeatesr8@yellowbook.com
32,37-9811687,52,ttrebbettr9@mediafire.com
27,48-3960472,2033,rdollimorera@posterous.com
58,48-3066650,1592,plewintonrb@vkontakte.ru
20,75-8859253,1603,gballsrc@yellowpages.com
56,14-1010034,1880,wgooseyrd@bloomberg.com
87,10-5434661,958,qantonazzire@theguardian.com
58,61-0098464,2313,skitchensiderf@whitehouse.gov
18,17-5968230,722,rmcilraithrg@123-reg.co.uk
100,46-2661885,1832,achealrh@cdbaby.com
1,79-2912468,1117,wstranahanri@yellowpages.com
62,85-1041033,737,ahughrj@wordpress.org
38,71-6039699,2161,egraybealrk@wunderground.com
60,17-1647824,892,jpencotrl@webeden.co.uk
2,21-1728830,1648,wporkerrm@merriam-webster.com
24,15-5931557,962,rbockmasterrn@craigslist.org
5,82-4302082,2147,oelenro@pagesperso-orange.fr
31,04-7586913,958,kgraserrp@google.ca
30,49-1551438,3141,dyulerq@narod.ru
63,32-5253841,3044,glokerrr@newsvine.com
